learning_rate,layer1,val_size,min_val_mae,min_val_mse,min_train_mse
0.001,1,98,2.8954,10.6314,10.6385
0.001,1,98,3.1385,12.2362,12.0976
0.001,1,98,2.479,8.8327,8.5434
0.001,1,98,2.8078,10.2626,9.9649
0.001,1,98,2.6837,9.5299,10.2152
0.001,1,98,3.2434,13.0052,12.9431
0.001,1,98,2.359,7.9711,7.6433
0.001,1,98,2.7156,9.9144,9.0739
0.001,1,98,2.8981,10.5257,10.9079
0.001,1,98,2.3867,7.7693,8.5789
0.001,2,98,3.0689,11.6028,11.9498
0.001,2,98,2.6776,9.2397,9.4011
0.001,2,98,2.3468,7.8132,7.7788
0.001,2,98,3.077,11.7067,12.0667
0.001,2,98,2.2986,7.1008,7.7399
0.001,2,98,2.5823,9.4531,8.7461
0.001,2,98,2.7828,10.2796,10.0821
0.001,2,98,2.5223,8.3304,8.3417
0.001,3,98,2.2888,7.134,7.1858
0.001,3,98,2.2187,7.1927,6.5553
0.001,3,98,2.3836,7.7948,7.6209
0.001,3,98,2.229,7.1019,7.0007
0.001,3,98,1.7608,4.4745,4.5753
0.001,3,98,2.1182,6.5841,5.9605
0.001,3,98,2.1209,6.3662,6.6712
0.001,4,98,2.021,5.9844,6.0211
0.001,4,98,2.0099,5.8665,5.8479
0.001,4,98,2.5887,9.0053,8.5707
0.001,4,98,2.01,5.7191,5.9057
0.001,4,98,2.1127,6.3598,6.0521
0.001,4,98,2.016,6.0683,5.7309
0.001,4,98,1.9477,5.9716,5.7542
0.001,4,98,1.902,5.1874,5.5975
0.001,4,98,1.8954,5.4618,5.4039
0.001,4,98,2.115,6.4416,6.4028
0.001,4,98,1.8102,4.9225,5.4282
0.001,4,98,2.2689,7.2696,6.8536
0.001,4,98,1.8599,5.5784,5.0123
0.001,4,98,2.1483,6.8805,6.5751
0.001,4,98,1.7572,4.4464,5.2284
0.001,4,98,1.8833,5.5245,5.3329
0.001,5,98,2.1491,6.6,6.1467
0.001,5,98,2.1357,6.4527,6.6614
0.001,5,98,2.1384,6.6319,6.2502
0.001,5,98,2.316,7.7006,7.2246
0.001,5,98,1.8509,5.5555,4.9896
0.001,5,98,1.9745,5.2769,5.7442
0.001,5,98,1.7203,4.4002,4.3397
0.001,5,98,2.0146,5.8163,5.5565
0.001,5,98,1.9113,5.3137,5.2999
0.001,5,98,2.076,6.3376,5.747
0.001,5,98,1.5219,3.5703,3.6609
0.001,6,98,1.9134,5.6582,5.0095
0.001,6,98,1.9806,6.2331,5.5303
0.001,6,98,1.6581,4.1388,4.3892
0.001,6,98,1.7477,4.5213,4.6087
0.001,6,98,2.1852,7.2325,7.0132
0.001,6,98,1.974,6.3346,5.6892
0.001,6,98,1.8308,5.0745,5.2163
0.001,6,98,1.5928,3.6992,3.7256
0.001,6,98,1.77,4.7707,4.322
0.001,6,98,2.1777,6.8696,6.2059
0.001,6,98,2.1851,6.6119,6.776
0.001,6,98,2.1435,6.434,6.184
0.001,6,98,1.392,2.9344,2.7678
0.001,7,98,1.6128,4.0989,4.1239
0.001,7,98,1.4782,3.2851,3.3696
0.001,7,98,2.1562,6.6275,6.7079
0.001,7,98,1.7113,4.57,4.4362
0.001,7,98,1.768,4.8237,4.3671
0.001,7,98,1.9888,5.5064,6.0722
0.001,8,98,1.9039,5.2892,4.7748
0.001,8,98,1.7653,4.5308,4.5711
0.001,8,98,1.9264,5.7602,5.3352
0.001,8,98,1.9485,5.2634,5.9684
0.001,8,98,1.5011,3.4728,3.259
0.001,9,98,1.5461,3.5903,3.3655
0.001,9,98,1.5559,4.1581,3.6287
0.001,9,98,1.4738,3.289,3.5463
0.001,9,98,1.6972,4.4894,3.5082
0.001,9,98,1.466,3.4256,3.3874
0.001,9,98,1.5627,3.816,3.8548
0.001,9,98,1.3768,3.0186,2.8017
0.001,9,98,1.7287,4.3689,4.1214
0.001,9,98,1.5287,3.5534,3.8218
0.001,9,98,1.8179,4.9108,5.1756
0.001,9,98,1.6943,4.4502,3.8466
0.001,9,98,1.3646,2.9976,2.6895
0.001,9,98,1.3651,2.8779,2.835
0.001,9,98,1.4367,3.1121,3.2714
0.001,10,98,1.6942,4.3906,4.0543
0.001,10,98,1.3957,3.0855,2.8314
0.001,10,98,1.6301,4.1184,3.8643
0.001,10,98,1.4624,3.0356,3.1665
0.001,10,98,1.2011,2.2777,2.318
0.001,11,98,1.5308,3.5503,3.597
0.001,11,98,1.4046,3.0354,2.3108
0.001,11,98,1.6759,4.2066,4.355
0.001,11,98,1.7349,4.4065,4.5175
0.001,11,98,1.384,3.0211,2.7199
0.001,11,98,1.2116,2.3775,2.3844
0.001,11,98,1.4435,3.4616,2.8978
0.001,11,98,1.4183,2.9686,2.8108
0.001,11,98,1.1882,2.1709,2.4736
0.001,11,98,1.6359,4.5051,3.7154
0.001,11,98,1.5087,3.2924,2.9915
0.001,12,98,1.3311,2.6557,2.6733
0.001,12,98,1.4792,3.5399,3.3297
0.001,12,98,1.4749,3.3097,2.7387
0.001,12,98,1.3997,2.8893,2.4899
0.001,12,98,1.4337,3.2996,2.8502
0.001,12,98,1.6343,4.234,3.5631
0.001,12,98,1.3192,2.8335,3.1054
0.001,12,98,1.5769,4.0329,3.6514
0.001,13,98,1.2937,2.604,2.4546
0.001,13,98,1.5281,3.615,3.4064
0.001,13,98,1.5146,3.6187,3.3315
0.001,13,98,1.2786,2.2792,2.2732
0.001,13,98,1.4304,2.9928,2.921
0.001,13,98,1.3693,2.863,3.1769
0.001,13,98,1.4555,3.3595,3.13
0.001,13,98,1.3823,3.083,2.5941
0.001,13,98,1.4035,3.1171,2.7166
0.001,13,98,1.2704,2.5136,2.292
0.001,13,98,1.4226,3.0683,3.1649
0.001,14,98,1.4289,3.2917,2.9114
0.001,14,98,1.4527,3.3117,2.9831
0.001,14,98,1.3425,2.6606,2.6797
0.001,14,98,1.3212,2.6253,2.3294
0.001,14,98,1.4026,2.9782,2.7534
0.001,14,98,1.2649,2.5084,2.6461
0.001,15,98,1.203,2.264,1.9946
0.001,15,98,1.276,2.6746,2.5168
0.001,15,98,1.3394,2.7552,2.242
0.001,15,98,1.2883,2.6151,2.0875
0.001,15,98,1.2877,2.5775,2.3586
0.001,15,98,1.3617,2.773,2.5897
0.001,15,98,1.4442,3.1566,2.9411
0.001,15,98,1.3674,2.7432,2.3525
0.001,16,98,1.3108,2.6968,2.2401
0.001,16,98,1.288,2.4509,2.4373
0.001,16,98,1.3941,2.8407,2.6288
0.001,16,98,1.2707,2.5036,2.2211
0.001,16,98,1.2625,2.3318,2.0605
0.001,16,98,1.2297,2.2357,2.3456
0.001,16,98,1.4152,3.0407,2.543
0.001,16,98,1.259,2.4529,2.0536
0.001,17,98,1.2987,2.5865,2.1394
0.001,17,98,1.3643,3.0277,2.5318
0.001,17,98,1.2676,2.5508,2.5808
0.001,18,98,1.4292,3.25,3.2244
0.001,18,98,1.2798,2.422,2.6533
0.001,18,98,1.3768,2.8737,2.4642
0.001,18,98,1.3471,2.8192,2.5002
0.001,18,98,1.4011,3.0917,2.7362
0.001,18,98,1.3293,2.6879,2.7552
0.001,18,98,1.2731,2.36,2.3411
0.001,18,98,1.3513,2.7696,2.3578
0.001,18,98,1.3485,2.9526,2.6374
0.001,18,98,1.34,2.6571,2.541
0.001,18,98,1.3954,2.9689,2.6508
0.001,18,98,1.2102,2.1708,2.2697
0.001,18,98,1.389,2.9684,2.1521
0.001,19,98,1.2192,2.355,2.177
0.001,19,98,1.2748,2.5367,2.3015
0.001,19,98,1.194,2.2166,2.2993
0.001,19,98,1.3281,2.6597,2.5714
0.001,19,98,1.3054,2.743,2.0368
0.001,19,98,1.2052,2.2695,1.8738
0.001,19,98,1.2983,2.4715,2.2003
0.001,19,98,1.2629,2.4933,2.387
0.001,19,98,1.2019,2.3173,2.1178
0.001,20,98,1.3193,2.6924,2.3301
0.001,20,98,1.4284,3.2069,2.8627
0.001,20,98,1.1854,2.2049,1.957
0.001,20,98,1.2695,2.4701,1.9993
0.001,20,98,1.3758,2.5908,2.4513
0.001,20,98,1.266,2.5233,2.1297
0.001,20,98,1.2227,2.1933,1.9477
0.001,20,98,1.2137,2.3168,2.1371
0.001,21,98,1.2135,2.4073,2.0413
0.001,21,98,1.2106,2.1837,1.7395
0.001,21,98,1.1961,2.182,2.0636
0.001,21,98,1.2382,2.3704,2.0451
0.001,21,98,1.2737,2.3712,1.8831
0.001,21,98,1.2304,2.4324,2.3703
0.001,21,98,1.1611,2.0656,2.286
0.001,21,98,1.3102,2.6396,2.281
0.001,22,98,1.2805,2.525,2.5471
0.001,22,98,1.0996,1.8986,1.7854
0.001,22,98,1.1825,2.1963,1.9336
0.001,22,98,1.332,2.6122,2.0045
0.001,22,98,1.2172,2.2708,2.1084
0.001,22,98,1.2537,2.3086,1.7181
0.001,22,98,1.3587,2.8366,2.2486
0.001,22,98,1.2051,2.1597,1.8154
0.001,22,98,1.2968,2.6098,2.1538
0.001,22,98,1.2794,2.5168,2.0037
0.001,22,98,1.1938,2.1527,1.7813
0.001,22,98,1.174,2.1901,1.9327
0.001,22,98,1.2708,2.3296,1.8559
0.001,23,98,1.313,2.4976,1.939
0.001,23,98,1.3048,2.5722,1.9719
0.001,23,98,1.2347,2.2263,2.2241
0.001,23,98,1.2273,2.188,1.9998
0.001,23,98,1.2923,2.5599,2.0411
0.001,23,98,1.2429,2.4275,1.8476
0.001,23,98,1.2681,2.4469,2.1877
0.001,23,98,1.2611,2.4284,2.0512
0.001,24,98,1.3157,2.5032,2.3402
0.001,24,98,1.2632,2.4262,2.0739
0.001,24,98,1.3089,2.5039,1.9741
0.001,24,98,1.2437,2.2778,1.8377
0.001,25,98,1.2286,2.3269,1.7731
0.001,25,98,1.3018,2.4849,1.8568
0.001,25,98,1.2026,2.1308,1.8514
0.001,25,98,1.1788,2.111,1.8655
0.001,25,98,1.2272,2.3744,1.9369
0.001,26,98,1.1059,1.8711,1.8891
0.001,26,98,1.2937,2.5176,1.7796
0.001,26,98,1.2846,2.521,1.9201
0.001,26,98,1.2645,2.3993,2.0341
0.001,26,98,1.2042,2.1053,1.716
0.001,26,98,1.321,2.6671,2.1007
0.001,26,98,1.2249,2.2178,1.7941
0.001,26,98,1.2267,2.1234,1.5801
0.001,26,98,1.2816,2.4088,1.692
0.001,27,98,1.1077,1.8358,1.6946
0.001,27,98,1.1532,2.0791,1.6871
0.001,27,98,1.1603,2.0007,1.7078
0.001,27,98,1.1789,2.0978,1.9194
0.001,27,98,1.2014,2.206,1.8898
0.001,28,98,1.2486,2.4068,2.0547
0.001,28,98,1.2094,2.1133,1.7242
0.001,28,98,1.2428,2.2407,1.7208
0.001,28,98,1.0672,1.7814,1.7161
0.001,28,98,1.2856,2.5123,1.8633
0.001,28,98,1.1935,2.1888,1.908
0.001,28,98,1.1494,2.0546,1.904
0.001,28,98,1.1615,2.1883,1.7618
0.001,28,98,1.2871,2.4902,1.9263
0.001,28,98,1.2643,2.3403,1.8738
0.001,28,98,1.3368,2.6492,1.7166
0.001,28,98,1.2256,2.2041,1.7906
0.001,29,98,1.2008,2.2399,1.6729
0.001,29,98,1.2894,2.4575,1.7593
0.001,29,98,1.1886,2.1415,1.7793
0.001,29,98,1.1563,2.1328,1.7319
0.001,29,98,1.2557,2.3678,1.7051
0.001,29,98,1.2091,2.1561,1.8369
0.001,29,98,1.2229,2.1627,1.8274
0.001,29,98,1.2743,2.4528,1.9914
0.001,29,98,1.247,2.235,1.6911
0.001,29,98,1.2059,2.1801,1.7098
0.001,29,98,1.23,2.1349,1.8426
0.001,29,98,1.2033,2.1119,1.6035
0.001,29,98,1.1586,2.0234,1.9077
0.001,30,98,1.1962,2.2101,1.818
0.001,30,98,1.2071,2.1733,1.6472
0.001,30,98,1.3089,2.53,1.8642
0.001,30,98,1.2475,2.3486,1.6767
0.001,30,98,1.1331,1.9558,1.6768
0.001,30,98,1.1553,2.0324,1.6003
0.001,30,98,1.2113,2.1037,1.7231
0.001,30,98,1.2272,2.3838,1.8539
0.001,30,98,1.2637,2.3313,1.5746
0.001,30,98,1.2492,2.3225,1.7656
0.001,30,98,1.1923,2.1372,1.7566
0.001,30,98,1.176,2.1993,1.8924
0.001,30,98,1.1743,2.1056,1.8159
0.001,30,98,1.1957,2.1074,1.7477
0.001,30,98,1.1946,2.1359,1.6837
0.001,31,98,1.2651,2.2412,1.7708
0.001,31,98,1.1986,2.1296,1.6519
0.001,31,98,1.1357,1.98,1.7736
0.001,31,98,1.2413,2.3624,1.776
0.001,31,98,1.1748,2.1224,1.6548
0.001,31,98,1.2323,2.1386,1.6619
0.001,31,98,1.1629,1.9636,1.6444
0.001,31,98,1.2313,2.2053,1.5694
0.001,31,98,1.1637,2.1188,1.7928
0.001,32,98,1.129,1.9249,1.6882
0.001,32,98,1.1492,2.1983,1.7061
0.001,32,98,1.1599,1.9353,1.693
0.001,32,98,1.1831,2.0784,1.7176
0.001,32,98,1.2159,2.2515,1.9041
0.001,32,98,1.175,2.1081,1.6945
0.001,33,98,1.2033,2.1143,1.8083
0.001,33,98,1.2543,2.2299,1.6232
0.001,33,98,1.2199,2.0976,1.6948
0.001,33,98,1.2022,2.0454,1.6997
0.001,33,98,1.1148,2.0415,1.7483
0.001,33,98,1.1363,1.9669,1.7812
0.001,33,98,1.2242,2.2658,1.8244
0.001,33,98,1.2087,2.1751,1.6844
0.001,33,98,1.1761,2.0799,1.625
0.001,33,98,1.0982,1.9074,1.6647
0.001,33,98,1.2807,2.2986,1.8257
0.001,33,98,1.2445,2.2252,1.6631
0.001,34,98,1.1658,2.0796,1.5848
0.001,34,98,1.1339,1.9971,1.562
0.001,34,98,1.1606,1.9316,1.7905
0.001,34,98,1.2122,2.121,1.6853
0.001,34,98,1.1894,2.0016,1.6243
0.001,34,98,1.1189,1.8766,1.5923
0.001,34,98,1.165,1.9503,1.5691
0.001,34,98,1.158,2.0775,1.6375
0.001,34,98,1.1783,2.0413,1.647
0.001,34,98,1.1227,1.9038,1.7009
0.001,35,98,1.2054,2.1145,1.6283
0.001,35,98,1.1873,2.1322,1.6267
0.001,35,98,1.1707,2.0554,1.5709
0.001,35,98,1.1651,2.1044,1.5055
0.001,35,98,1.2491,2.2922,1.7333
0.001,35,98,1.235,2.2339,1.5513
0.001,35,98,1.2416,2.2329,1.6073
0.001,35,98,1.1502,1.9738,1.5513
0.001,35,98,1.2,2.1473,1.5246
0.001,36,98,1.2312,2.1897,1.5431
0.001,36,98,1.1737,2.0307,1.6591
0.001,36,98,1.1502,2.0259,1.5724
0.001,36,98,1.2113,2.1456,1.5431
0.001,36,98,1.2025,2.1713,1.6761
0.001,36,98,1.2735,2.334,1.6586
0.001,36,98,1.1811,2.0369,1.6531
0.001,36,98,1.2267,2.3505,1.6987
0.001,36,98,1.1268,1.8866,1.731
0.001,36,98,1.226,2.2587,1.5951
0.001,36,98,1.1444,1.9544,1.5442
0.001,36,98,1.1573,2.0703,1.6685
0.001,36,98,1.1974,2.1533,1.7064
0.001,37,98,1.1951,2.1927,1.4731
0.001,37,98,1.1577,2.0002,1.5157
0.001,37,98,1.2179,2.1633,1.4115
0.001,37,98,1.1521,2.0369,1.5583
0.001,37,98,1.2279,2.2827,1.6926
0.001,37,98,1.2524,2.3039,1.5464
0.001,37,98,1.1635,2.0911,1.5566
0.001,37,98,1.1685,2.0282,1.4528
0.001,37,98,1.1977,2.1246,1.5763
0.001,37,98,1.1518,2.1523,1.5905
0.001,37,98,1.2417,2.2799,1.5969
0.001,38,98,1.1717,1.9625,1.6162
0.001,38,98,1.1556,1.9657,1.57
0.001,38,98,1.2281,2.2063,1.6046
0.001,38,98,1.2287,2.169,1.4604
0.001,38,98,1.1758,2.0692,1.6762
0.001,38,98,1.2054,2.1073,1.5808
0.001,38,98,1.1198,2.0267,1.6263
0.001,38,98,1.2177,2.2026,1.4507
0.001,38,98,1.1481,1.8554,1.5839
0.001,38,98,1.1624,1.9538,1.4276
0.001,38,98,1.1621,2.0197,1.4238
0.001,38,98,1.2022,2.1615,1.6902
0.001,38,98,1.1943,2.0981,1.4709
0.001,38,98,1.2151,2.3389,1.6528
0.001,38,98,1.2174,2.1064,1.6129
0.001,38,98,1.2012,2.1261,1.6195
0.001,38,98,1.214,2.159,1.5043
0.001,39,98,1.1335,1.9713,1.4511
0.001,39,98,1.2048,2.1323,1.5612
0.001,39,98,1.2352,2.188,1.5686
0.001,39,98,1.1359,1.9658,1.5189
0.001,39,98,1.2249,2.0768,1.4592
0.001,39,98,1.1294,1.8939,1.4542
0.001,39,98,1.2129,2.1367,1.6205
0.001,39,98,1.2104,2.1494,1.3959
0.001,39,98,1.1872,2.0919,1.4268
0.001,39,98,1.2085,2.1064,1.5069
0.001,40,98,1.1495,1.9509,1.5275
0.001,40,98,1.1635,1.9954,1.4332
0.001,40,98,1.1349,2.0484,1.5283
0.001,40,98,1.1592,1.9533,1.591
0.001,40,98,1.1947,2.0562,1.5309
0.001,40,98,1.1296,1.9573,1.4195
0.001,40,98,1.2314,2.1214,1.4226
0.001,40,98,1.2014,2.1081,1.6143
0.001,40,98,1.1267,1.9323,1.3589
0.001,40,98,1.209,2.2317,1.6719
0.001,40,98,1.1852,2.0598,1.4304
0.001,41,98,1.1291,1.9187,1.5454
0.001,41,98,1.13,1.9971,1.5677
0.001,41,98,1.211,2.1327,1.6651
0.001,41,98,1.2462,2.2293,1.663
0.001,41,98,1.1835,2.1334,1.613
0.001,41,98,1.1846,2.1321,1.5964
0.001,41,98,1.1977,2.0301,1.4373
0.001,41,98,1.2084,2.0261,1.5995
0.001,41,98,1.1997,2.028,1.4709
0.001,41,98,1.1861,2.0473,1.3929
0.001,41,98,1.1534,2.0515,1.4658
0.001,41,98,1.1664,2.0648,1.441
0.001,41,98,1.1703,1.9872,1.6688
0.001,42,98,1.2151,2.0818,1.4702
0.001,42,98,1.2238,2.2425,1.656
0.001,42,98,1.2382,2.3466,1.5847
0.001,42,98,1.2346,2.2248,1.5526
0.001,42,98,1.1987,2.1528,1.4557
0.001,42,98,1.19,2.0813,1.6879
0.001,42,98,1.126,1.8647,1.4203
0.001,42,98,1.2536,2.2258,1.5555
0.001,43,98,1.1345,1.8674,1.3188
0.001,43,98,1.1681,2.1439,1.5936
0.001,43,98,1.2975,2.3257,1.4127
0.001,43,98,1.1497,1.937,1.6873
0.001,43,98,1.1476,2.0541,1.5216
0.001,43,98,1.1707,2.009,1.4923
0.001,43,98,1.1439,2.0387,1.4768
0.001,43,98,1.209,2.1987,1.5618
0.001,43,98,1.2527,2.2676,1.5559
0.001,43,98,1.1302,1.9998,1.3577
0.001,43,98,1.2023,2.0571,1.4707
0.001,43,98,1.1657,2.0162,1.4644
0.001,43,98,1.2565,2.2678,1.6975
0.001,43,98,1.2264,2.1895,1.5273
0.001,43,98,1.1591,2.0034,1.4735
0.001,43,98,1.2103,2.1724,1.4286
0.001,43,98,1.3056,2.487,1.7366
0.001,43,98,1.106,1.9473,1.494
0.001,44,98,1.1466,1.9641,1.5146
0.001,44,98,1.1868,2.011,1.4779
0.001,44,98,1.1307,1.9677,1.3211
0.001,44,98,1.1404,1.9798,1.4775
0.001,44,98,1.1806,2.0682,1.3296
0.001,44,98,1.1785,2.0627,1.4014
0.001,44,98,1.1709,2.0231,1.5447
0.001,44,98,1.2413,2.1216,1.4599
0.001,44,98,1.2324,2.2459,1.62
0.001,44,98,1.2478,2.2422,1.5874
0.001,44,98,1.1878,2.099,1.4116
0.001,45,98,1.1379,1.9759,1.5636
0.001,45,98,1.2186,2.1455,1.1942
0.001,45,98,1.1269,1.9409,1.3429
0.001,45,98,1.126,1.9208,1.37
0.001,45,98,1.1674,1.9368,1.3677
0.001,45,98,1.1571,2.1229,1.4409
0.001,45,98,1.1374,2.047,1.5452
0.001,46,98,1.1261,1.8477,1.3678
0.001,46,98,1.1556,2.0479,1.4155
0.001,46,98,1.1486,1.9636,1.3672
0.001,46,98,1.216,2.0712,1.4753
0.001,46,98,1.1904,2.1137,1.3312
0.001,46,98,1.2328,2.2459,1.445
0.001,46,98,1.1904,2.0894,1.4264
0.001,46,98,1.1619,1.9989,1.2794
0.001,47,98,1.1048,1.8583,1.4043
0.001,47,98,1.1727,2.0474,1.645
0.001,47,98,1.1094,1.8695,1.4707
0.001,47,98,1.1957,2.1429,1.4432
0.001,47,98,1.1393,2.0769,1.4459
0.001,47,98,1.1467,2.0078,1.5038
0.001,47,98,1.159,2.0322,1.3543
0.001,47,98,1.2387,2.1589,1.4825
0.001,47,98,1.1102,1.862,1.4414
0.001,48,98,1.1607,1.9653,1.4093
0.001,48,98,1.1611,2.0828,1.4962
0.001,48,98,1.1149,1.9309,1.4457
0.001,48,98,1.2225,2.166,1.4168
0.001,48,98,1.2223,2.1318,1.3944
0.001,48,98,1.1668,2.0209,1.353
0.001,48,98,1.0946,1.8077,1.3519
0.001,48,98,1.1629,2.0863,1.5078
0.001,49,98,1.1445,2.0182,1.3355
0.001,49,98,1.1401,1.9348,1.2968
0.001,49,98,1.1841,2.0418,1.324
0.001,49,98,1.1739,2.051,1.3986
0.001,49,98,1.1688,1.9424,1.377
0.001,49,98,1.1686,2.118,1.4513
0.001,49,98,1.1945,2.1102,1.3343
0.001,49,98,1.124,1.9173,1.2633
0.001,49,98,1.1196,1.8542,1.2587
0.001,49,98,1.2044,2.0263,1.4698
0.001,49,98,1.1592,2.0524,1.5104
0.001,49,98,1.2172,2.0924,1.4151
0.001,50,98,1.1606,1.9189,1.3476
0.001,50,98,1.2318,2.1659,1.4527
0.001,50,98,1.2062,2.0896,1.3758
0.001,50,98,1.1588,2.0068,1.3591
0.001,50,98,1.1526,1.9823,1.3178
0.001,50,98,1.1839,2.0653,1.6146
0.001,51,98,1.1546,1.9446,1.5219
0.001,51,98,1.1596,1.954,1.3739
0.001,51,98,1.1988,2.1179,1.4427
0.001,51,98,1.1361,2.0226,1.4024
0.001,51,98,1.2299,2.2196,1.4157
0.001,51,98,1.1593,1.9555,1.3346
0.001,51,98,1.0854,1.8214,1.3597
0.001,51,98,1.215,2.1015,1.3572
0.001,51,98,1.1614,1.9633,1.3561
0.001,52,98,1.187,2.037,1.4008
0.001,52,98,1.1292,1.8167,1.2141
0.001,52,98,1.1763,2.0793,1.4758
0.001,52,98,1.2168,2.1798,1.2413
0.001,52,98,1.1462,1.927,1.3542
0.001,52,98,1.1907,2.0647,1.3751
0.001,52,98,1.1461,1.9279,1.2896
0.001,52,98,1.1673,1.99,1.2547
0.001,52,98,1.1755,1.9496,1.3284
0.001,52,98,1.1557,1.9297,1.3572
0.001,52,98,1.2064,2.0762,1.3446
0.001,52,98,1.1288,1.9257,1.3995
0.001,52,98,1.2156,2.1308,1.2718
0.001,52,98,1.201,2.1446,1.4376
0.001,52,98,1.1475,1.8949,1.4684
0.001,53,98,1.1218,1.8602,1.3353
0.001,53,98,1.1928,2.0624,1.3028
0.001,53,98,1.1371,1.976,1.367
0.001,53,98,1.1952,1.9331,1.3388
0.001,53,98,1.0494,1.732,1.3227
0.001,53,98,1.177,2.0389,1.4286
0.001,53,98,1.1179,1.8769,1.308
0.001,53,98,1.172,2.0358,1.3261
0.001,53,98,1.1478,1.9178,1.326
0.001,53,98,1.1862,2.1549,1.3673
0.001,54,98,1.1734,2.1127,1.3299
0.001,54,98,1.117,1.8853,1.2964
0.001,54,98,1.1346,1.8924,1.2664
0.001,54,98,1.2025,2.1781,1.4435
0.001,54,98,1.1618,2.0365,1.4726
0.001,54,98,1.1389,1.8904,1.4161
0.001,55,98,1.1627,2.007,1.3405
0.001,55,98,1.1705,1.9524,1.2996
0.001,55,98,1.1367,1.9462,1.2608
0.001,55,98,1.1295,1.8889,1.3113
0.001,55,98,1.1585,2.0372,1.3747
0.001,55,98,1.2086,2.0072,1.298
0.001,55,98,1.1832,2.0824,1.2968
0.001,55,98,1.1571,1.9375,1.3622
0.001,55,98,1.1312,1.8885,1.3705
0.001,55,98,1.2007,2.164,1.2749
0.001,55,98,1.1481,1.8857,1.4232
0.001,55,98,1.1739,1.9733,1.3124
0.001,55,98,1.2067,2.1116,1.1638
0.001,55,98,1.1587,2.0565,1.359
0.001,55,98,1.131,1.8589,1.2237
0.001,56,98,1.1283,1.8725,1.3618
0.001,56,98,1.1955,2.117,1.3043
0.001,56,98,1.1363,1.903,1.2022
0.001,56,98,1.1227,1.9559,1.2312
0.001,56,98,1.2297,2.1437,1.2444
0.001,56,98,1.1819,2.0162,1.5257
0.001,56,98,1.178,2.0441,1.2831
0.001,57,98,1.1304,1.9492,1.2432
0.001,57,98,1.1536,1.9817,1.2803
0.001,57,98,1.2232,2.175,1.3058
0.001,57,98,1.1776,2.0684,1.2469
0.001,57,98,1.1888,2.0603,1.2307
0.001,57,98,1.1363,1.9958,1.3007
0.001,58,98,1.2089,2.1588,1.3578
0.001,58,98,1.2231,2.2127,1.1782
0.001,58,98,1.1927,2.0003,1.265
0.001,58,98,1.1911,2.0896,1.3134
0.001,58,98,1.1586,1.9955,1.2155
0.001,58,98,1.199,2.1787,1.3388
0.001,58,98,1.1711,1.9989,1.3539
0.001,58,98,1.1345,1.9234,1.1888
0.001,58,98,1.1669,1.9183,1.333
0.001,58,98,1.1238,1.9414,1.2394
0.001,59,98,1.1483,1.9935,1.3409
0.001,59,98,1.144,1.9028,1.3453
0.001,59,98,1.163,2.008,1.336
0.001,59,98,1.1601,1.983,1.1869
0.001,59,98,1.1893,2.0131,1.2527
0.001,59,98,1.1556,1.9578,1.2921
0.001,59,98,1.1863,2.0887,1.3258
0.001,59,98,1.1299,1.8649,1.2578
0.001,59,98,1.2194,2.1193,1.3537
0.001,59,98,1.1607,1.9907,1.3263
0.001,59,98,1.1917,1.9611,1.344
0.001,59,98,1.1168,1.9175,1.4066
0.001,59,98,1.1602,1.9962,1.4068
0.001,59,98,1.1577,2.0043,1.286
0.001,59,98,1.0842,1.8439,1.1414
0.001,60,98,1.0977,1.8614,1.2349
0.001,60,98,1.1789,2.038,1.2005
0.001,60,98,1.1032,1.7262,1.2663
0.001,60,98,1.1799,2.0473,1.3204
0.001,60,98,1.2083,2.1434,1.272
0.001,60,98,1.1253,1.9065,1.328
0.001,60,98,1.1277,1.9512,1.2021
0.001,60,98,1.1117,1.7674,1.2727
0.001,60,98,1.1662,1.9485,1.2199
0.001,60,98,1.1197,1.9219,1.2481
0.001,60,98,1.1794,2.0005,1.2273
0.001,60,98,1.1364,1.9704,1.1896
0.001,60,98,1.159,1.9892,1.3152
0.001,61,98,1.1305,1.8929,1.1498
0.001,61,98,1.0941,1.88,1.2603
0.001,61,98,1.1292,1.8571,1.2445
0.001,61,98,1.2145,2.1678,1.2927
0.001,61,98,1.1337,1.9121,1.165
0.001,61,98,1.1369,1.9141,1.1748
0.001,61,98,1.1359,1.8912,1.2652
0.001,61,98,1.1594,1.9669,1.4101
0.001,62,98,1.1835,1.9929,1.1856
0.001,62,98,1.1569,1.882,1.213
0.001,62,98,1.1143,1.841,1.2909
0.001,62,98,1.12,1.9147,1.2791
0.001,62,98,1.15,2.0193,1.2227
0.001,62,98,1.1279,1.9033,1.2124
0.001,62,98,1.0999,1.8427,1.3103
0.001,62,98,1.1707,1.9893,1.3046
0.001,63,98,1.1654,1.9789,1.2749
0.001,63,98,1.2009,2.052,1.3543
0.001,63,98,1.1638,2.0349,1.1814
0.001,63,98,1.1369,1.8928,1.2747
0.001,63,98,1.1769,2.03,1.3133
0.001,63,98,1.151,1.9949,1.2719
0.001,63,98,1.168,2.0292,1.4407
0.001,63,98,1.2004,2.0759,1.1773
0.001,63,98,1.1132,1.788,1.2714
0.001,63,98,1.1028,1.8179,1.1744
0.001,64,98,1.1441,1.9371,1.278
0.001,64,98,1.1879,2.0139,1.2753
0.001,64,98,1.155,1.9574,1.2178
0.001,64,98,1.1497,1.92,1.3223
0.001,64,98,1.1914,2.1371,1.3153
0.001,65,98,1.145,1.893,1.2406
0.001,65,98,1.1555,1.8849,1.2263
0.001,65,98,1.1783,1.9849,1.1333
0.001,65,98,1.1563,1.9746,1.115
0.001,65,98,1.1629,1.9784,1.204
0.001,65,98,1.1413,1.8797,1.2635
0.001,65,98,1.1275,1.9602,1.2865
0.001,65,98,1.1705,2.0112,1.2927
0.001,65,98,1.1719,2.0479,1.2375
0.001,65,98,1.1609,1.9598,1.1653
0.001,65,98,1.1954,2.0819,1.1015
0.001,65,98,1.1456,1.9032,1.1578
0.001,66,98,1.1818,2.0321,1.2206
0.001,66,98,1.1658,1.9452,1.1713
0.001,66,98,1.1969,2.0453,1.2111
0.001,66,98,1.1346,1.8512,1.1542
0.001,66,98,1.1828,2.0176,1.1139
0.001,66,98,1.1772,2.0504,1.072
0.001,66,98,1.111,1.8416,1.1412
0.001,66,98,1.1206,1.828,1.147
0.001,66,98,1.146,1.9091,1.2391
0.001,67,98,1.1173,1.8258,1.3488
0.001,67,98,1.1478,1.9231,1.2649
0.001,67,98,1.0943,1.8152,1.1172
0.001,67,98,1.1863,2.0271,1.199
0.001,67,98,1.1296,1.9033,1.13
0.001,67,98,1.1734,2.1278,1.197
0.001,67,98,1.1138,1.7591,1.2378
0.001,67,98,1.1306,1.8692,1.2863
0.001,68,98,1.1649,1.9701,1.1218
0.001,68,98,1.1871,2.0581,1.2141
0.001,68,98,1.1199,1.8568,1.1605
0.001,68,98,1.1484,1.9289,1.1609
0.001,68,98,1.1314,1.9103,1.2103
0.001,68,98,1.121,1.8321,1.2466
0.001,68,98,1.1775,2.0009,1.1671
0.001,68,98,1.175,1.9736,1.1841
0.001,68,98,1.1939,2.1973,1.2466
0.001,68,98,1.1118,1.8075,1.1159
0.001,68,98,1.1355,1.8714,1.281
0.001,69,98,1.1553,1.9973,1.2424
0.001,69,98,1.1963,2.0698,1.2527
0.001,69,98,1.0951,1.785,1.2071
0.001,69,98,1.1624,1.9844,1.1674
0.001,69,98,1.1327,1.9131,1.1693
0.001,69,98,1.103,1.8532,1.2598
0.001,69,98,1.1694,1.9688,1.1191
0.001,69,98,1.186,2.0689,1.0897
0.001,69,98,1.1696,1.9218,1.1325
0.001,69,98,1.1163,1.8162,1.1633
0.001,69,98,1.1408,1.8832,1.2304
0.001,69,98,1.1664,2.0016,1.2094
0.001,69,98,1.1518,1.9589,1.191
0.001,69,98,1.1747,1.9671,1.242
0.001,69,98,1.1617,1.9678,1.1029
0.001,69,98,1.128,1.9287,1.1413
0.001,69,98,1.1802,1.9738,1.2399
0.001,69,98,1.1893,2.0468,1.2391
0.001,69,98,1.1407,1.9738,1.187
0.001,69,98,1.1477,1.9731,1.2487
0.001,70,98,1.125,1.8193,1.2131
0.001,70,98,1.125,1.9062,1.1299
0.001,70,98,1.1137,1.8543,1.1402
0.001,70,98,1.1074,1.8499,1.1289
0.001,70,98,1.1288,1.8982,1.1507
0.001,70,98,1.1473,1.897,1.1795
0.001,70,98,1.2008,2.0641,1.1464
0.001,70,98,1.1894,1.9935,1.2283
0.001,70,98,1.1354,1.8981,1.165
0.001,70,98,1.1818,2.0116,1.116
0.001,71,98,1.1263,1.8919,1.1356
0.001,71,98,1.1583,1.964,1.1699
0.001,71,98,1.1283,1.9353,1.1913
0.001,71,98,1.2036,2.0301,1.1904
0.001,71,98,1.1384,1.9665,1.2101
0.001,71,98,1.1241,1.8839,1.2229
0.001,71,98,1.1557,1.8662,1.158
0.001,71,98,1.1197,1.8991,1.1945
0.001,72,98,1.146,1.9356,1.2016
0.001,72,98,1.1302,1.8945,1.1273
0.001,72,98,1.1904,2.0642,1.2062
0.001,72,98,1.1363,1.9244,1.0805
0.001,72,98,1.1684,1.9043,1.1944
0.001,72,98,1.152,1.9398,1.1202
0.001,72,98,1.1372,1.9272,1.2634
0.001,72,98,1.101,1.7979,1.0292
0.001,72,98,1.1621,1.9777,1.1113
0.001,73,98,1.1856,2.0314,1.0841
0.001,73,98,1.1666,1.9585,1.1272
0.001,73,98,1.1313,1.8755,1.208
0.001,73,98,1.172,2.0166,1.2396
0.001,73,98,1.1439,2.0046,1.1696
0.001,73,98,1.1208,1.8455,1.1446
0.001,73,98,1.101,1.7677,1.1205
0.001,73,98,1.1856,1.9657,1.1094
0.001,73,98,1.1368,2.0062,1.1248
0.001,73,98,1.1354,1.8797,1.2127
0.001,73,98,1.1527,1.9179,1.0927
0.001,73,98,1.2111,2.1122,1.0983
0.001,73,98,1.1072,1.8426,1.1694
0.001,73,98,1.0971,1.8172,1.2101
0.001,73,98,1.0914,1.7976,1.1642
0.001,74,98,1.1132,1.8481,1.1782
0.001,74,98,1.1479,1.8405,1.1794
0.001,74,98,1.1444,1.8977,1.1477
0.001,74,98,1.1614,1.965,1.1239
0.001,74,98,1.1992,2.0102,1.0802
0.001,74,98,1.1402,1.8754,1.1718
0.001,74,98,1.1882,2.0006,1.191
0.001,74,98,1.1265,1.9058,1.1815
0.001,74,98,1.1221,1.9069,1.1187
0.001,74,98,1.1521,1.9188,1.08
0.001,75,98,1.1641,1.9656,1.0822
0.001,75,98,1.1675,1.97,1.2052
0.001,75,98,1.1303,1.8873,1.167
0.001,75,98,1.1406,1.9064,1.1504
0.001,75,98,1.1521,1.9819,1.053
0.001,75,98,1.1511,1.9866,1.1054
0.001,75,98,1.1384,1.938,1.1083
0.001,76,98,1.1326,1.8341,1.1399
0.001,76,98,1.1177,1.9029,1.1077
0.001,76,98,1.1358,1.9117,1.1597
0.001,76,98,1.1738,2.0139,1.0765
0.001,76,98,1.1581,1.9833,1.0695
0.001,76,98,1.1568,2.0375,1.141
0.001,76,98,1.1721,1.9153,1.1484
0.001,76,98,1.119,1.8096,1.1371
0.001,76,98,1.1267,1.8726,1.1541
0.001,76,98,1.1828,2.0377,1.158
0.001,76,98,1.1156,1.8832,1.1642
0.001,76,98,1.1226,1.8991,1.0237
0.001,77,98,1.1497,1.9805,1.1649
0.001,77,98,1.1282,1.8557,1.0655
0.001,77,98,1.146,1.8851,1.0677
0.001,77,98,1.1075,1.7628,1.1398
0.001,77,98,1.127,1.7787,1.0557
0.001,77,98,1.1503,1.8735,1.0668
0.001,77,98,1.0828,1.7548,1.1279
0.001,77,98,1.1624,2.0346,1.2054
0.001,77,98,1.1277,1.9109,1.2127
0.001,77,98,1.1276,1.8818,1.1853
0.001,77,98,1.1649,1.907,1.1401
0.001,77,98,1.0853,1.8349,1.1457
0.001,77,98,1.1423,1.8823,1.1313
0.001,78,98,1.1636,2.0512,1.1185
0.001,78,98,1.1354,1.9083,1.1049
0.001,78,98,1.187,2.0925,1.0669
0.001,78,98,1.1329,1.8391,1.1773
0.001,78,98,1.1111,1.8416,1.1262
0.001,78,98,1.0905,1.7702,1.0452
0.001,78,98,1.1288,1.8754,1.0941
0.001,78,98,1.0964,1.7643,1.082
0.001,78,98,1.1256,1.8797,1.0896
0.001,78,98,1.1583,1.9603,1.1323
0.001,78,98,1.0953,1.8613,1.1257
0.001,78,98,1.1288,1.8666,1.0674
0.001,79,98,1.1406,1.9205,1.2228
0.001,79,98,1.1768,2.0107,1.0871
0.001,79,98,1.1771,2.0369,1.1042
0.001,79,98,1.1211,1.8401,1.0856
0.001,79,98,1.1121,1.8992,1.1211
0.001,79,98,1.1833,2.0181,1.1406
0.001,79,98,1.1207,1.8571,1.1024
0.001,79,98,1.1998,2.119,1.1913
0.001,79,98,1.1462,1.8376,1.0781
0.001,79,98,1.1366,1.9131,1.0886
0.001,80,98,1.139,1.8867,1.1533
0.001,80,98,1.1746,1.969,1.1404
0.001,80,98,1.1352,1.9214,1.1188
0.001,80,98,1.1595,1.9711,1.1252
0.001,80,98,1.0905,1.7474,1.0083
0.001,80,98,1.1401,1.864,1.1555
0.001,80,98,1.1192,1.751,1.1446
0.001,81,98,1.1953,2.0381,1.1546
0.001,81,98,1.1377,1.9221,1.0612
0.001,81,98,1.1192,1.8995,1.0686
0.001,81,98,1.106,1.7675,1.1309
0.001,81,98,1.1525,1.9686,1.1583
0.001,82,98,1.1375,1.8758,1.0609
0.001,82,98,1.1352,1.9608,1.1187
0.001,82,98,1.0965,1.7698,1.0784
0.001,82,98,1.1516,1.9523,1.2414
0.001,82,98,1.1653,1.9397,1.1677
0.001,82,98,1.213,2.1379,1.2337
0.001,82,98,1.1252,1.8592,1.0702
0.001,82,98,1.1437,1.864,1.1497
0.001,82,98,1.1536,1.9605,1.0458
0.001,82,98,1.153,1.9521,1.0902
0.001,82,98,1.12,1.8338,1.128
0.001,83,98,1.1182,1.8866,1.0821
0.001,83,98,1.1832,2.0214,1.1862
0.001,83,98,1.0998,1.7621,1.1916
0.001,83,98,1.1733,1.9633,1.0621
0.001,83,98,1.1191,1.8964,1.1336
0.001,83,98,1.1296,1.9081,1.1525
0.001,83,98,1.0993,1.8523,1.1126
0.001,84,98,1.1582,1.9676,1.131
0.001,84,98,1.1352,1.8488,1.1402
0.001,84,98,1.1215,1.8437,1.0454
0.001,84,98,1.1571,2.0511,1.0554
0.001,84,98,1.164,1.9449,0.992
0.001,84,98,1.1214,1.8506,1.0497
0.001,84,98,1.1617,1.9931,1.1612
0.001,84,98,1.183,2.0098,1.0439
0.001,84,98,1.1107,1.8157,1.1494
0.001,85,98,1.1484,1.8871,1.0939
0.001,85,98,1.1466,1.8937,1.0956
0.001,85,98,1.1406,1.9839,1.0835
0.001,85,98,1.1591,1.9102,1.1057
0.001,85,98,1.1307,1.9192,1.0858
0.001,85,98,1.1669,1.9585,1.0187
0.001,85,98,1.1486,1.8781,1.1338
0.001,85,98,1.1776,2.0052,1.0667
0.001,85,98,1.0912,1.7846,1.0105
0.001,85,98,1.1551,1.9386,1.0647
0.001,85,98,1.1181,1.8406,1.0905
0.001,85,98,1.0863,1.7804,1.1623
0.001,86,98,1.1674,1.9688,1.0776
0.001,86,98,1.1788,1.9794,1.1093
0.001,86,98,1.1468,1.8857,1.0283
0.001,86,98,1.1323,1.8656,1.1249
0.001,86,98,1.1608,1.9058,0.998
0.001,86,98,1.1396,1.8937,1.0718
0.001,87,98,1.127,1.8891,0.9704
0.001,87,98,1.1406,1.8476,0.975
0.001,87,98,1.1544,1.8901,1.0925
0.001,87,98,1.1166,1.8493,1.047
0.001,87,98,1.1304,1.8502,1.077
0.001,87,98,1.1592,2.0111,1.0194
0.001,87,98,1.1434,1.8969,1.0738
0.001,87,98,1.1274,1.9037,1.0393
0.001,87,98,1.1667,2.0071,1.1211
0.001,87,98,1.1052,1.8567,1.1004
0.001,87,98,1.1037,1.7967,0.9986
0.001,87,98,1.1414,1.9595,1.1365
0.001,88,98,1.1132,1.8115,1.0771
0.001,88,98,1.1503,1.9271,1.0601
0.001,88,98,1.1176,1.8711,1.052
0.001,88,98,1.088,1.7818,1.0521
0.001,88,98,1.157,2.0707,1.0782
0.001,88,98,1.1397,1.9183,1.1021
0.001,88,98,1.1707,1.9854,1.0639
0.001,88,98,1.1821,2.0744,1.1142
0.001,88,98,1.1902,2.0626,1.0277
0.001,88,98,1.1743,1.9294,1.0093
0.001,88,98,1.1393,1.8814,1.0743
0.001,89,98,1.1644,1.8592,1.1171
0.001,89,98,1.105,1.8196,1.0888
0.001,89,98,1.1672,1.8887,1.0722
0.001,89,98,1.0758,1.7297,1.0168
0.001,89,98,1.1565,1.9778,0.9938
0.001,89,98,1.132,1.8684,1.0584
0.001,89,98,1.1172,1.8322,1.1
0.001,89,98,1.153,1.9137,1.0687
0.001,89,98,1.1671,2.0304,1.0513
0.001,89,98,1.1595,1.9512,1.043
0.001,89,98,1.1465,1.9197,1.0105
0.001,90,98,1.1646,1.9293,1.0139
0.001,90,98,1.1296,1.9217,0.9886
0.001,90,98,1.135,1.8676,0.9354
0.001,90,98,1.1629,1.9189,1.0619
0.001,90,98,1.1442,1.908,1.0845
0.001,91,98,1.118,1.8753,1.07
0.001,91,98,1.143,1.9341,1.0628
0.001,91,98,1.1653,1.91,0.9687
0.001,91,98,1.1387,1.9516,1.0727
0.001,91,98,1.1082,1.7673,1.0193
0.001,92,98,1.1619,2.0284,1.0702
0.001,92,98,1.0957,1.765,1.0648
0.001,92,98,1.134,1.8032,1.0412
0.001,92,98,1.1683,2.0084,1.0414
0.001,92,98,1.1354,1.9383,1.0012
0.001,92,98,1.1561,1.9807,0.9477
0.001,92,98,1.1232,1.8858,1.0324
0.001,92,98,1.1366,1.8898,1.0095
0.001,92,98,1.1031,1.7471,1.0428
0.001,92,98,1.0931,1.7933,1.0716
0.001,93,98,1.1259,1.8612,1.0948
0.001,93,98,1.1633,1.919,1.1183
0.001,93,98,1.1574,1.9379,1.0463
0.001,93,98,1.1727,1.9677,1.0152
0.001,93,98,1.1159,1.8557,1.036
0.001,93,98,1.0741,1.8363,1.0104
0.001,93,98,1.1503,1.9541,1.0381
0.001,93,98,1.191,2.047,1.0083
0.001,94,98,1.1494,1.9182,1.0224
0.001,94,98,1.1194,1.8055,1.0482
0.001,94,98,1.1331,1.8414,1.0293
0.001,94,98,1.1645,1.9756,0.9788
0.001,94,98,1.1564,1.937,1.0702
0.001,94,98,1.1531,1.921,1.1352
0.001,94,98,1.1516,1.9292,1.0197
0.001,95,98,1.1223,1.7978,1.0647
0.001,95,98,1.1546,1.9152,0.9828
0.001,95,98,1.1352,1.8414,0.9802
0.001,95,98,1.1456,1.8818,1.1108
0.001,95,98,1.1326,1.8153,1.0342
0.001,95,98,1.1029,1.8576,1.1136
0.001,95,98,1.1559,1.9916,1.0223
0.001,95,98,1.1332,1.9063,1.0073
0.001,95,98,1.1358,1.886,0.8972
0.001,95,98,1.1179,1.8033,1.025
0.001,96,98,1.1347,1.8523,1.0575
0.001,96,98,1.1408,1.9288,1.0573
0.001,96,98,1.1219,1.8421,1.0093
0.001,96,98,1.1432,1.8653,1.0194
0.001,96,98,1.1098,1.8835,1.0157
0.001,96,98,1.1426,1.8736,1.0103
0.001,96,98,1.1555,1.9862,0.9503
0.001,97,98,1.1422,1.9802,1.0867
0.001,97,98,1.1664,1.9698,1.0482
0.001,97,98,1.121,1.8744,1.0559
0.001,97,98,1.121,1.8026,1.0184
0.001,97,98,1.1522,1.8825,1.0619
0.001,97,98,1.1555,1.8895,0.9906
0.001,97,98,1.1276,1.8016,1.0099
0.001,97,98,1.1361,1.8809,1.0622
0.001,97,98,1.1804,2.029,0.9992
0.001,97,98,1.1551,1.9241,1.0008
0.001,97,98,1.1333,1.886,0.9999
0.001,97,98,1.1256,1.9063,1.0007
0.001,97,98,1.2076,2.0656,0.962
0.001,97,98,1.1535,1.9314,0.9486
0.001,98,98,1.1153,1.8731,1.051
0.001,98,98,1.1514,1.939,1.0362
0.001,98,98,1.0983,1.8297,0.9673
0.001,98,98,1.1452,1.8907,0.9947
0.001,98,98,1.1541,1.964,0.9392
0.001,98,98,1.0832,1.7186,0.9932
0.001,98,98,1.1305,1.8121,1.0524
0.001,98,98,1.1481,1.8186,0.9996
0.001,98,98,1.1761,1.985,1.0341
0.001,98,98,1.1521,1.9643,1.0104
0.001,98,98,1.0942,1.7268,0.96
0.001,98,98,1.1419,1.9164,0.998
0.001,98,98,1.101,1.8407,0.9836
0.001,98,98,1.1523,1.9324,0.9741
0.001,99,98,1.1694,1.9658,1.0018
0.001,99,98,1.1324,1.8199,1.0135
0.001,99,98,1.123,1.7742,0.9847
0.001,99,98,1.1866,1.9846,0.9644
0.001,99,98,1.1454,1.9085,1.0156
0.001,99,98,1.1569,1.9331,0.9993
0.001,99,98,1.1291,1.8948,1.0004
0.001,99,98,1.1346,1.8761,1.0174
0.001,99,98,1.1354,1.8848,1.0167
0.001,99,98,1.0939,1.8421,1.0632
0.001,99,98,1.155,1.929,0.9057
0.001,100,98,1.138,1.8408,1.0139
0.001,100,98,1.1588,1.9167,0.9355
0.001,100,98,1.125,1.8339,1.0049
0.001,100,98,1.1506,1.9289,0.9352
0.001,100,98,1.1348,1.9111,1.0173
0.001,100,98,1.1771,1.9462,0.9758
0.001,101,98,1.1121,1.7829,0.992
0.001,101,98,1.1085,1.7873,0.9888
0.001,101,98,1.1446,1.8805,0.9585
0.001,101,98,1.1465,1.8792,0.9946
0.001,101,98,1.1353,1.8885,1.0114
0.001,101,98,1.17,1.9644,0.9605
0.001,101,98,1.1087,1.8567,0.992
0.001,101,98,1.1503,1.9321,0.9392
0.001,101,98,1.1439,1.8736,1.0259
0.001,101,98,1.1266,1.8757,0.9636
0.001,101,98,1.1724,1.9654,1.0184
0.001,101,98,1.1082,1.8624,0.9383
0.001,101,98,1.1048,1.8297,0.9941
0.001,101,98,1.0996,1.8517,1.0164
0.001,101,98,1.1337,1.8911,1.0217
0.001,101,98,1.1207,1.79,0.9929
0.001,102,98,1.1357,1.8527,0.9558
0.001,102,98,1.111,1.8451,1.0261
0.001,102,98,1.1155,1.7978,0.9105
0.001,102,98,1.1361,1.9026,0.9487
0.001,102,98,1.1354,1.9311,1.0481
0.001,102,98,1.1851,1.935,1.0179
0.001,102,98,1.1339,1.8293,0.9611
0.001,103,98,1.1646,1.885,0.9662
0.001,103,98,1.1568,1.9123,0.9412
0.001,103,98,1.1359,1.8442,0.9942
0.001,103,98,1.1647,1.9381,0.9542
0.001,103,98,1.1105,1.7868,0.956
0.001,103,98,1.1481,1.9255,0.9452
0.001,103,98,1.1566,1.9697,0.9785
0.001,103,98,1.1604,1.9799,0.9613
0.001,104,98,1.126,1.8157,0.986
0.001,104,98,1.1132,1.8389,0.9859
0.001,104,98,1.1458,1.9248,0.9397
0.001,104,98,1.1137,1.8894,0.9138
0.001,104,98,1.1205,1.9001,0.9478
0.001,104,98,1.1347,1.8986,0.9745
0.001,104,98,1.1193,1.8209,0.9469
0.001,104,98,1.1059,1.8354,1.0186
0.001,104,98,1.1324,1.9005,1.0246
0.001,104,98,1.1583,1.887,1.0105
0.001,105,98,1.1685,1.9369,0.9921
0.001,105,98,1.1028,1.8322,0.9711
0.001,105,98,1.1447,1.8785,0.9491
0.001,105,98,1.1418,1.9467,0.9302
0.001,105,98,1.1399,1.9213,1.0143
0.001,105,98,1.102,1.8086,0.9881
0.001,105,98,1.1271,1.9761,0.9235
0.001,105,98,1.1071,1.7636,0.9616
0.001,105,98,1.1654,1.954,0.9649
0.001,105,98,1.1857,1.9994,0.9135
0.001,105,98,1.1378,1.8891,0.9786
0.001,106,98,1.145,1.8865,0.961
0.001,106,98,1.1341,1.9285,0.9344
0.001,106,98,1.1109,1.7804,0.9869
0.001,106,98,1.1581,1.9893,0.9486
0.001,106,98,1.138,1.9032,0.9974
0.001,106,98,1.1776,1.9946,0.9255
0.001,106,98,1.1672,1.9201,0.9504
0.001,106,98,1.0769,1.7579,0.9212
0.001,106,98,1.1357,1.8833,1.0078
0.001,106,98,1.131,1.8445,0.9884
0.001,107,98,1.1683,1.9861,0.9436
0.001,107,98,1.142,1.8365,1.0349
0.001,107,98,1.1371,1.8693,1.0556
0.001,107,98,1.1552,1.9754,0.8721
0.001,107,98,1.1915,2.0424,0.9816
0.001,107,98,1.1024,1.8352,0.9487
0.001,107,98,1.1679,1.877,1.0265
0.001,107,98,1.1557,1.8762,0.8947
0.001,108,98,1.1443,1.9076,1.017
0.001,108,98,1.1393,1.8481,0.9732
0.001,108,98,1.1472,1.9408,0.958
0.001,108,98,1.1209,1.8109,0.9608
0.001,108,98,1.1289,1.9233,0.942
0.001,108,98,1.0774,1.6871,0.9469
0.001,108,98,1.1372,1.8414,0.9876
0.001,108,98,1.1444,1.8704,0.9013
0.001,109,98,1.1041,1.7838,0.9243
0.001,109,98,1.1087,1.8244,0.9425
0.001,109,98,1.1583,1.9529,0.9716
0.001,109,98,1.1573,1.9228,0.9921
0.001,109,98,1.1283,1.8604,0.8843
0.001,109,98,1.1337,1.8809,0.9729
0.001,109,98,1.1444,1.8964,0.9921
0.001,109,98,1.1584,1.9229,0.9004
0.001,110,98,1.1727,1.9715,0.998
0.001,110,98,1.1333,1.9021,1.0235
0.001,110,98,1.1307,1.8727,0.9564
0.001,110,98,1.1355,1.8636,0.8374
0.001,110,98,1.1819,1.9191,0.9478
0.001,110,98,1.1602,1.995,0.9426
0.001,110,98,1.1819,1.9704,0.9469
0.001,110,98,1.1519,1.9225,0.9263
0.001,110,98,1.1038,1.7807,0.9471
0.001,111,98,1.1931,2.088,0.9496
0.001,111,98,1.1557,1.8982,0.9896
0.001,111,98,1.112,1.8323,0.9668
0.001,111,98,1.1804,2.0279,0.9409
0.001,111,98,1.1762,1.9411,0.9968
0.001,111,98,1.1436,1.8996,0.9302
0.001,111,98,1.1222,1.8326,0.8864
0.001,111,98,1.1444,1.8992,0.948
0.001,111,98,1.1043,1.8279,0.9682
0.001,111,98,1.1482,1.9358,0.9818
0.001,111,98,1.1596,1.9303,0.9694
0.001,112,98,1.1555,1.9656,0.9512
0.001,112,98,1.1279,1.8705,0.9918
0.001,112,98,1.144,1.9111,0.9297
0.001,112,98,1.1363,1.9073,0.8777
0.001,112,98,1.1565,1.978,0.9411
0.001,112,98,1.1739,1.9399,0.9959
0.001,112,98,1.1177,1.8854,0.9082
0.001,112,98,1.1827,2.0444,0.9193
0.001,112,98,1.1989,2.0825,0.9921
0.001,112,98,1.1365,1.8701,0.9467
0.001,112,98,1.1497,1.9584,0.9258
0.001,113,98,1.0788,1.7317,0.9196
0.001,113,98,1.1621,1.9103,1.0038
0.001,113,98,1.1443,1.9221,0.9299
0.001,113,98,1.1453,1.9773,0.9562
0.001,113,98,1.1523,1.9335,0.9501
0.001,113,98,1.146,1.8975,0.9567
0.001,113,98,1.1029,1.7979,0.8676
0.001,113,98,1.1303,1.8963,0.8972
0.001,113,98,1.1212,1.848,0.8627
0.001,114,98,1.1397,1.8999,0.9583
0.001,114,98,1.1069,1.7908,0.9184
0.001,114,98,1.1255,1.8684,0.9377
0.001,114,98,1.1546,1.8857,0.9147
0.001,114,98,1.1617,1.9634,0.9477
0.001,114,98,1.1624,1.9333,0.9155
0.001,114,98,1.0993,1.8458,0.9276
0.001,114,98,1.1306,1.9427,0.9065
0.001,114,98,1.1249,1.793,0.9326
0.001,114,98,1.1616,1.9505,0.9351
0.001,115,98,1.1154,1.8478,0.95
0.001,115,98,1.172,1.9542,0.8388
0.001,115,98,1.1199,1.8113,0.9122
0.001,115,98,1.1306,1.7886,1.0029
0.001,115,98,1.135,1.8366,0.945
0.001,115,98,1.1683,2.0293,0.9619
0.001,115,98,1.142,1.8982,0.9433
0.001,115,98,1.1014,1.7379,0.9553
0.001,116,98,1.1789,1.9621,0.8803
0.001,116,98,1.1175,1.8,0.9531
0.001,116,98,1.1342,1.9049,0.8866
0.001,116,98,1.1569,1.9413,0.9704
0.001,116,98,1.1277,1.8965,0.9395
0.001,116,98,1.0851,1.7118,0.9019
0.001,116,98,1.1253,1.8741,0.9522
0.001,116,98,1.1532,1.9343,0.9268
0.001,116,98,1.0988,1.7648,0.9133
0.001,116,98,1.1308,1.8815,0.8404
0.001,116,98,1.1958,2.0194,1.0032
0.001,117,98,1.1414,1.9844,0.9196
0.001,117,98,1.1315,1.8916,0.9641
0.001,117,98,1.1718,2.0088,0.8907
0.001,117,98,1.1573,1.9276,0.9155
0.001,117,98,1.1218,1.8785,0.9097
0.001,117,98,1.1557,1.9007,0.8595
0.001,117,98,1.1433,1.8878,0.9557
0.001,117,98,1.1413,1.9036,0.8885
0.001,117,98,1.1262,1.819,0.9147
0.001,117,98,1.1705,1.9664,0.9226
0.001,117,98,1.1771,2.0156,1.019
0.001,117,98,1.1367,1.9441,0.9319
0.001,118,98,1.1378,1.9288,0.937
0.001,118,98,1.1233,1.8939,0.9342
0.001,118,98,1.1364,1.8384,0.9309
0.001,118,98,1.1419,1.9005,0.8905
0.001,118,98,1.1493,1.9145,0.9391
0.001,118,98,1.0853,1.7058,0.9869
0.001,118,98,1.1416,1.9408,0.9552
0.001,118,98,1.1399,1.8591,0.9537
0.001,118,98,1.1171,1.7893,0.9037
0.001,118,98,1.1295,1.8484,0.9661
0.001,118,98,1.1549,1.8865,0.932
0.001,119,98,1.0988,1.8191,0.9163
0.001,119,98,1.1212,1.7862,0.9089
0.001,119,98,1.1228,1.8156,0.9414
0.001,119,98,1.1058,1.7853,0.9362
0.001,119,98,1.1004,1.8508,0.9566
0.001,119,98,1.1278,1.8594,0.9216
0.001,119,98,1.1431,1.9217,0.8971
0.001,119,98,1.1546,1.9322,0.9687
0.001,119,98,1.1149,1.8728,0.8841
0.001,119,98,1.1193,1.8359,0.8642
0.001,119,98,1.1529,1.9301,0.8688
0.001,120,98,1.1451,1.8627,0.8459
0.001,120,98,1.1469,1.8554,0.8726
0.001,120,98,1.1112,1.8314,0.9542
0.001,120,98,1.1504,1.9066,0.8788
0.001,120,98,1.1307,1.8823,0.9286
0.001,120,98,1.1173,1.8809,0.8642
0.001,120,98,1.1636,1.9925,0.8784
0.001,120,98,1.1304,1.8567,0.9279
0.001,120,98,1.1399,1.8853,0.9525
0.001,120,98,1.1209,1.7887,0.9689
0.001,121,98,1.1372,1.9107,0.9076
0.001,121,98,1.1437,1.9434,0.92
0.001,121,98,1.1191,1.8432,0.9571
0.001,121,98,1.1686,1.9662,0.9305
0.001,121,98,1.1448,1.8984,0.9127
0.001,121,98,1.1102,1.8225,0.9284
0.001,121,98,1.1503,1.9196,0.8902
0.001,121,98,1.1377,1.9027,0.8887
0.001,121,98,1.1253,1.901,0.9319
0.001,122,98,1.0808,1.7853,0.9157
0.001,122,98,1.1303,1.8834,0.8577
0.001,122,98,1.1282,1.8481,0.9121
0.001,122,98,1.1313,1.8685,0.9157
0.001,122,98,1.1487,1.9269,0.8777
0.001,122,98,1.1422,1.9382,0.8582
0.001,122,98,1.1364,1.8426,0.91
0.001,122,98,1.1293,1.8993,0.8901
0.001,122,98,1.1343,1.8996,0.8702
0.001,122,98,1.1676,1.9682,0.8579
0.001,122,98,1.1098,1.912,0.8995
0.001,123,98,1.146,1.8589,0.9214
0.001,123,98,1.1444,1.9086,0.8969
0.001,123,98,1.11,1.841,0.8841
0.001,123,98,1.0913,1.8396,0.8695
0.001,123,98,1.1143,1.7672,0.901
0.001,123,98,1.1633,1.847,0.8753
0.001,123,98,1.1249,1.8261,0.8766
0.001,123,98,1.1494,1.9047,0.9465
0.001,124,98,1.1254,1.8248,0.9628
0.001,124,98,1.1633,1.8922,0.9166
0.001,124,98,1.1158,1.8445,0.925
0.001,124,98,1.1227,1.8306,0.8832
0.001,124,98,1.118,1.8121,0.8859
0.001,124,98,1.1167,1.8612,0.9079
0.001,124,98,1.1546,1.911,0.848
0.001,124,98,1.1454,1.9117,0.8669
0.001,124,98,1.1497,1.9758,0.8972
0.001,124,98,1.146,1.9003,0.8882
0.001,124,98,1.133,1.8768,0.9529
0.001,124,98,1.1332,1.8977,0.9184
0.001,125,98,1.1515,1.9225,0.9199
0.001,125,98,1.1306,1.8708,0.9165
0.001,126,98,1.1053,1.845,0.9123
0.001,126,98,1.1618,1.9246,0.9172
0.001,126,98,1.088,1.8541,0.9286
0.001,126,98,1.1085,1.8226,0.8526
0.001,126,98,1.1562,1.931,0.8762
0.001,126,98,1.1363,1.9058,0.8447
0.001,126,98,1.0943,1.7987,0.9057
0.001,126,98,1.1652,2.0167,0.9435
0.001,126,98,1.0755,1.7246,0.8899
0.001,126,98,1.172,1.9864,0.8731
0.001,126,98,1.1117,1.8728,0.8612
0.001,126,98,1.1522,1.8943,0.8939
0.001,126,98,1.1726,1.9508,0.954
0.001,127,98,1.1505,1.8512,0.89
0.001,127,98,1.1328,1.8274,0.8876
0.001,127,98,1.1753,1.9956,0.9232
0.001,127,98,1.1386,1.9241,0.9097
0.001,127,98,1.1432,1.8804,0.9301
0.001,128,98,1.1615,1.9414,0.8313
0.001,128,98,1.1552,1.9419,0.8492
0.001,128,98,1.1613,1.8918,0.8315
0.001,128,98,1.1094,1.7496,0.8935
0.001,128,98,1.1115,1.7568,0.927
0.001,128,98,1.1288,1.8346,0.9227
0.001,128,98,1.1254,1.8674,0.8763
0.001,128,98,1.1337,1.8705,0.8546
0.001,128,98,1.1066,1.8152,0.8881
0.001,128,98,1.0934,1.7816,0.8225
0.001,128,98,1.1314,1.91,0.8406
0.001,129,98,1.132,1.8826,0.8446
0.001,129,98,1.1495,1.921,0.8966
0.001,129,98,1.1358,1.8213,0.9199
0.001,129,98,1.1114,1.8784,0.8369
0.001,129,98,1.1387,1.897,0.8836
0.001,129,98,1.1535,1.8947,0.8798
0.001,129,98,1.1752,1.9969,0.8937
0.001,129,98,1.1381,1.8818,0.9346
0.001,129,98,1.1273,1.812,0.8747
0.001,129,98,1.1529,1.9248,0.9156
0.001,129,98,1.1151,1.8058,0.9465
0.001,130,98,1.1551,1.9226,0.8744
0.001,130,98,1.1706,1.9509,0.8382
0.001,130,98,1.1522,1.9463,0.885
0.001,130,98,1.1374,1.8745,0.8842
0.001,130,98,1.1552,1.9481,0.9328
0.001,130,98,1.1367,1.8782,0.8497
0.001,130,98,1.129,1.8555,0.8863
0.001,130,98,1.0694,1.6968,0.9038
0.001,130,98,1.1091,1.7879,0.8987
0.001,130,98,1.1694,1.9809,0.9055
0.001,130,98,1.1079,1.8234,0.9019
0.001,130,98,1.1729,1.9237,0.9591
0.001,131,98,1.1209,1.8578,0.8644
0.001,131,98,1.1408,1.9149,0.8445
0.001,131,98,1.1264,1.8352,0.9183
0.001,131,98,1.1373,1.8573,0.8641
0.001,131,98,1.121,1.833,0.8587
0.001,131,98,1.1492,1.9685,0.8931
0.001,132,98,1.1457,1.9307,1.0099
0.001,132,98,1.0819,1.8273,0.8574
0.001,132,98,1.2028,2.0272,0.8889
0.001,132,98,1.1345,1.8919,0.8854
0.001,132,98,1.1102,1.8321,0.8492
0.001,132,98,1.1586,1.9605,0.8778
0.001,132,98,1.0897,1.7655,0.8954
0.001,133,98,1.1361,1.8469,0.8605
0.001,133,98,1.0918,1.7951,0.8644
0.001,133,98,1.1184,1.7713,0.8577
0.001,133,98,1.1486,1.9333,0.8469
0.001,133,98,1.1539,1.926,0.9472
0.001,133,98,1.1316,1.8013,0.885
0.001,133,98,1.1733,1.9771,0.8627
0.001,133,98,1.1585,1.9267,0.8684
0.001,133,98,1.143,1.8348,0.831
0.001,134,98,1.1551,1.8944,0.8361
0.001,134,98,1.1606,1.9552,0.8147
0.001,134,98,1.1102,1.8513,0.8307
0.001,134,98,1.1658,1.9603,0.8054
0.001,134,98,1.1336,1.8789,0.8394
0.001,134,98,1.1395,1.8933,0.8516
0.001,135,98,1.1562,1.9718,0.8855
0.001,135,98,1.1497,1.9167,0.8502
0.001,135,98,1.1411,1.8973,0.8525
0.001,135,98,1.1333,1.8351,0.8293
0.001,136,98,1.0866,1.7252,0.8431
0.001,136,98,1.1149,1.7689,0.8692
0.001,136,98,1.147,1.8766,0.8273
0.001,136,98,1.1299,1.8843,0.8723
0.001,136,98,1.1191,1.8885,0.8184
0.001,136,98,1.1839,2.0022,0.8681
0.001,136,98,1.1477,1.9359,0.8984
0.001,137,98,1.1684,1.8685,0.9143
0.001,137,98,1.124,1.8221,0.8287
0.001,137,98,1.1557,1.9247,0.8001
0.001,137,98,1.1783,1.9891,0.8632
0.001,137,98,1.1331,1.8612,0.8615
0.001,138,98,1.121,1.832,0.8323
0.001,138,98,1.1065,1.8424,0.897
0.001,138,98,1.1329,1.8481,0.8664
0.001,138,98,1.1463,1.9033,0.8938
0.001,138,98,1.1095,1.824,0.8064
0.001,138,98,1.0946,1.817,0.8361
0.001,138,98,1.1433,1.9348,0.8213
0.001,138,98,1.1392,1.8978,0.8367
0.001,138,98,1.1368,1.8937,0.9021
0.001,138,98,1.1007,1.8617,0.8279
0.001,139,98,1.1186,1.8621,0.8453
0.001,139,98,1.1352,1.8858,0.8741
0.001,139,98,1.1272,1.8341,0.8997
0.001,139,98,1.1439,1.8879,0.736
0.001,139,98,1.1365,1.8442,0.8025
0.001,139,98,1.1339,1.8995,0.8239
0.001,139,98,1.1803,2.0268,0.7817
0.001,139,98,1.131,1.852,0.8099
0.001,139,98,1.1366,1.8764,0.8573
0.001,139,98,1.1492,1.9013,0.8689
0.001,139,98,1.1585,1.9287,0.8911
0.001,139,98,1.1332,1.8481,0.8433
0.001,140,98,1.1206,1.8902,0.8018
0.001,140,98,1.0794,1.6865,0.8407
0.001,140,98,1.1129,1.8804,0.836
0.001,140,98,1.1373,1.8655,0.7707
0.001,140,98,1.1859,1.995,0.8892
0.001,140,98,1.1739,1.963,0.8676
0.001,140,98,1.1301,1.848,0.8279
0.001,140,98,1.1677,1.9263,0.8609
0.001,140,98,1.1356,1.8207,0.8339
0.001,140,98,1.1368,1.846,0.8658
0.001,140,98,1.1556,1.9569,0.8637
0.001,140,98,1.1081,1.769,0.852
0.001,141,98,1.1555,1.955,0.905
0.001,141,98,1.106,1.7826,0.8371
0.001,141,98,1.1128,1.7957,0.8335
0.001,141,98,1.1595,1.9414,0.8915
0.001,141,98,1.1445,1.9437,0.8662
0.001,141,98,1.1431,1.8325,0.8154
0.001,141,98,1.1136,1.8698,0.858
0.001,141,98,1.1157,1.801,0.9015
0.001,142,98,1.1313,1.8033,0.8421
0.001,142,98,1.099,1.7675,0.8414
0.001,142,98,1.1362,1.9117,0.822
0.001,142,98,1.121,1.8218,0.86
0.001,142,98,1.1691,1.9189,0.9333
0.001,142,98,1.133,1.85,0.7921
0.001,142,98,1.1659,1.9475,0.8722
0.001,142,98,1.1478,1.9013,0.8486
0.001,142,98,1.1481,1.8643,0.8943
0.001,142,98,1.1355,1.8648,0.8093
0.001,142,98,1.1364,1.9025,0.79
0.001,142,98,1.1634,1.944,0.8014
0.001,142,98,1.1588,1.9163,0.8053
0.001,142,98,1.1379,1.8265,0.8746
0.001,143,98,1.1489,1.9272,0.7782
0.001,143,98,1.1468,1.8985,0.8431
0.001,143,98,1.1544,1.9813,0.8056
0.001,143,98,1.1311,1.9542,0.8752
0.001,143,98,1.0879,1.7303,0.8242
0.001,143,98,1.1149,1.7999,0.864
0.001,143,98,1.1586,1.993,0.8365
0.001,143,98,1.1768,2.0331,0.8692
0.001,143,98,1.1669,1.9908,0.8051
0.001,143,98,1.1293,1.8735,0.8476
0.001,144,98,1.1368,1.9455,0.8091
0.001,144,98,1.1494,1.8591,0.8522
0.001,144,98,1.1705,2.018,0.8083
0.001,144,98,1.1542,1.8753,0.9008
0.001,144,98,1.1341,1.8231,0.8211
0.001,144,98,1.1659,1.9798,0.8022
0.001,144,98,1.1262,1.8796,0.8378
0.001,144,98,1.1621,1.919,0.8184
0.001,144,98,1.128,1.8488,0.7226
0.001,144,98,1.1138,1.8099,0.7802
0.001,144,98,1.1239,1.8051,0.8278
0.001,145,98,1.1767,1.9714,0.8331
0.001,145,98,1.1331,1.8704,0.7821
0.001,145,98,1.1337,1.9304,0.8688
0.001,145,98,1.158,1.9066,0.8498
0.001,145,98,1.1376,1.9194,0.8221
0.001,145,98,1.0941,1.7602,0.8152
0.001,145,98,1.1555,1.9159,0.8217
0.001,145,98,1.1391,1.8557,0.8222
0.001,145,98,1.1087,1.7826,0.8455
0.001,145,98,1.1262,1.8912,0.8463
0.001,145,98,1.1396,1.882,0.8382
0.001,145,98,1.1216,1.8198,0.8427
0.001,145,98,1.1479,1.8847,0.8646
0.001,145,98,1.1128,1.8569,0.8079
0.001,146,98,1.1313,1.8276,0.8221
0.001,146,98,1.1439,1.8764,0.8323
0.001,146,98,1.1612,1.9824,0.8351
0.001,146,98,1.1716,2.0249,0.8674
0.001,146,98,1.1889,2.0439,0.8544
0.001,146,98,1.1362,1.8599,0.8174
0.001,146,98,1.1424,1.8663,0.7995
0.001,147,98,1.1579,1.9247,0.8552
0.001,147,98,1.1356,1.9007,0.8563
0.001,147,98,1.1426,1.8881,0.8171
0.001,147,98,1.1394,1.8523,0.7948
0.001,147,98,1.1073,1.8194,0.799
0.001,147,98,1.1217,1.8549,0.862
0.001,147,98,1.1496,1.9019,0.8119
0.001,147,98,1.1407,1.9207,0.8162
0.001,147,98,1.1413,1.8701,0.8552
0.001,147,98,1.1518,1.8904,0.8289
0.001,148,98,1.1495,1.9342,0.8341
0.001,148,98,1.1402,1.866,0.8112
0.001,148,98,1.1307,1.8307,0.8645
0.001,148,98,1.1462,1.9619,0.8765
0.001,148,98,1.1679,1.9269,0.8328
0.001,148,98,1.1333,1.8777,0.7963
0.001,148,98,1.1249,1.8532,0.8058
0.001,148,98,1.1496,1.9475,0.7887
0.001,148,98,1.1752,1.9335,0.8177
0.001,148,98,1.1493,1.9249,0.7968
0.001,148,98,1.1039,1.7551,0.784
0.001,148,98,1.1597,1.9493,0.8462
0.001,149,98,1.1328,1.8612,0.8037
0.001,149,98,1.1103,1.8006,0.783
0.001,149,98,1.0947,1.7782,0.829
0.001,149,98,1.1008,1.7305,0.8563
0.001,149,98,1.1643,1.9716,0.8311
0.001,149,98,1.125,1.8481,0.871
0.001,149,98,1.146,1.8905,0.838
0.001,149,98,1.113,1.8526,0.8636
0.001,149,98,1.1387,1.877,0.8144
0.001,150,98,1.126,1.861,0.8619
0.001,150,98,1.1846,1.9737,0.825
0.001,150,98,1.1422,1.8912,0.834
0.001,150,98,1.1222,1.7954,0.8622
0.001,150,98,1.1392,1.8548,0.7912
0.001,150,98,1.1389,1.8541,0.8233
0.001,150,98,1.1158,1.7594,0.8206
0.001,151,98,1.1443,1.8719,0.8004
0.001,151,98,1.1429,1.8735,0.7726
0.001,151,98,1.1321,1.8345,0.8057
0.001,151,98,1.1108,1.8106,0.8302
0.001,151,98,1.129,1.8572,0.835
0.001,151,98,1.1804,2.0276,0.81
0.001,151,98,1.1874,2.0412,0.8212
0.001,151,98,1.1316,1.8763,0.824
0.001,151,98,1.1322,1.9264,0.8304
0.001,152,98,1.1312,1.8668,0.8409
0.001,152,98,1.1313,1.8638,0.8341
0.001,152,98,1.128,1.9058,0.778
0.001,152,98,1.138,1.8649,0.7798
0.001,152,98,1.0974,1.7859,0.8364
0.001,152,98,1.1287,1.7824,0.7704
0.001,152,98,1.1513,1.9312,0.8367
0.001,153,98,1.1176,1.8154,0.8108
0.001,153,98,1.1263,1.8348,0.8446
0.001,153,98,1.1477,1.9042,0.7979
0.001,153,98,1.0899,1.7154,0.8062
0.001,153,98,1.1699,1.9996,0.8202
0.001,153,98,1.1035,1.8643,0.8363
0.001,153,98,1.1597,1.9328,0.8557
0.001,153,98,1.1154,1.8218,0.7949
0.001,153,98,1.1526,1.9271,0.8122
0.001,153,98,1.1207,1.8453,0.8775
0.001,153,98,1.1212,1.8457,0.7854
0.001,153,98,1.1047,1.7198,0.795
0.001,153,98,1.1324,1.8842,0.7734
0.001,154,98,1.1481,1.9144,0.7874
0.001,154,98,1.0771,1.7006,0.8173
0.001,154,98,1.1381,1.879,0.7982
0.001,154,98,1.1277,1.8243,0.8045
0.001,154,98,1.146,1.9172,0.7704
0.001,154,98,1.1331,1.8705,0.7848
0.001,154,98,1.1525,1.995,0.7818
0.001,155,98,1.1304,1.8863,0.8424
0.001,155,98,1.1399,1.9309,0.7866
0.001,155,98,1.133,1.8542,0.8563
0.001,155,98,1.1057,1.8241,0.8398
0.001,155,98,1.1427,1.8752,0.8489
0.001,155,98,1.1362,1.8344,0.7736
0.001,156,98,1.1361,1.8931,0.7847
0.001,156,98,1.1423,1.9207,0.8051
0.001,156,98,1.1274,1.8378,0.7807
0.001,156,98,1.1165,1.7859,0.7505
0.001,156,98,1.1442,1.9235,0.7688
0.001,156,98,1.1385,1.8578,0.7652
0.001,156,98,1.1511,1.9211,0.8496
0.001,156,98,1.1618,1.8463,0.7668
0.001,157,98,1.1135,1.8243,0.7939
0.001,157,98,1.1099,1.7977,0.8037
0.001,157,98,1.1492,1.93,0.824
0.001,157,98,1.1474,1.8909,0.762
0.001,157,98,1.1617,1.9422,0.8463
0.001,157,98,1.114,1.7864,0.8508
0.001,157,98,1.1569,1.9188,0.7938
0.001,157,98,1.1459,1.8883,0.8192
0.001,157,98,1.1536,1.9088,0.7393
0.001,157,98,1.1281,1.8546,0.7697
0.001,157,98,1.118,1.8488,0.767
0.001,157,98,1.1809,2.0078,0.8412
0.001,157,98,1.191,1.9738,0.8464
0.001,157,98,1.1266,1.8254,0.8029
0.001,158,98,1.1323,1.8521,0.8688
0.001,158,98,1.1392,1.8319,0.7942
0.001,158,98,1.1376,1.8794,0.7863
0.001,158,98,1.1187,1.8592,0.8153
0.001,158,98,1.1424,1.8867,0.8347
0.001,158,98,1.1202,1.8013,0.8495
0.001,158,98,1.1291,1.8641,0.8104
0.001,158,98,1.1439,1.8728,0.7702
0.001,158,98,1.1358,1.8565,0.7648
0.001,159,98,1.1516,1.9296,0.7672
0.001,159,98,1.1282,1.8639,0.7936
0.001,159,98,1.1139,1.8197,0.8459
0.001,159,98,1.1334,1.9082,0.7451
0.001,159,98,1.1385,1.8846,0.8478
0.001,159,98,1.1301,1.9051,0.7929
0.001,159,98,1.0947,1.7563,0.8265
0.001,159,98,1.1289,1.8704,0.7774
0.001,159,98,1.1228,1.8415,0.7712
0.001,159,98,1.1537,1.9684,0.8179
0.001,159,98,1.1316,1.8634,0.7787
0.001,159,98,1.141,1.9381,0.7506
0.001,159,98,1.1246,1.8075,0.8455
0.001,159,98,1.1411,1.8894,0.7815
0.001,159,98,1.1569,1.8819,0.8341
0.001,159,98,1.1142,1.8143,0.7961
0.001,160,98,1.1462,1.9129,0.7897
0.001,160,98,1.1516,1.8995,0.7474
0.001,160,98,1.1118,1.8397,0.8059
0.001,160,98,1.1272,1.8929,0.8211
0.001,160,98,1.106,1.8273,0.8785
0.001,160,98,1.1399,1.9053,0.8265
0.001,160,98,1.1168,1.8123,0.8077
0.001,161,98,1.1618,1.9043,0.8209
0.001,161,98,1.14,1.8884,0.7962
0.001,161,98,1.1213,1.8704,0.7594
0.001,161,98,1.1077,1.7621,0.8756
0.001,161,98,1.164,1.9243,0.7399
0.001,161,98,1.1293,1.8041,0.7816
0.001,161,98,1.1416,1.8875,0.7866
0.001,161,98,1.1643,1.9412,0.8214
0.001,161,98,1.1091,1.8081,0.8309
0.001,161,98,1.139,1.9269,0.7658
0.001,161,98,1.1583,1.9645,0.8101
0.001,161,98,1.1014,1.7792,0.8051
0.001,161,98,1.15,1.9118,0.8023
0.001,161,98,1.1318,1.8384,0.8217
0.001,161,98,1.1243,1.8668,0.8392
0.001,162,98,1.1496,1.9636,0.8321
0.001,162,98,1.1118,1.8725,0.7393
0.001,162,98,1.1265,1.8426,0.7748
0.001,162,98,1.143,1.9122,0.7691
0.001,162,98,1.1268,1.8198,0.7651
0.001,162,98,1.1363,1.8526,0.8114
0.001,163,98,1.1131,1.7759,0.7938
0.001,163,98,1.1212,1.8712,0.7424
0.001,163,98,1.1161,1.8031,0.7763
0.001,163,98,1.1511,1.9409,0.8316
0.001,163,98,1.1489,1.9445,0.7403
0.001,163,98,1.1078,1.8353,0.7759
0.001,163,98,1.1581,1.9144,0.8178
0.001,163,98,1.1278,1.8548,0.7879
0.001,163,98,1.1377,1.9086,0.7879
0.001,163,98,1.1466,1.9172,0.8114
0.001,163,98,1.1282,1.8246,0.8146
0.001,163,98,1.1823,2.0635,0.843
0.001,163,98,1.1709,2.0257,0.8185
0.001,163,98,1.1313,1.8852,0.785
0.001,163,98,1.1229,1.8264,0.8203
0.001,164,98,1.1037,1.7839,0.7468
0.001,164,98,1.1387,1.8616,0.7632
0.001,164,98,1.1556,1.9327,0.7933
0.001,164,98,1.0998,1.8069,0.748
0.001,164,98,1.1282,1.9032,0.7687
0.001,164,98,1.1568,1.9293,0.7823
0.001,164,98,1.1263,1.8476,0.7208
0.001,164,98,1.1159,1.897,0.7318
0.001,164,98,1.1476,1.9141,0.857
0.001,165,98,1.1385,1.9067,0.7346
0.001,165,98,1.1026,1.8284,0.7866
0.001,165,98,1.1555,1.8562,0.7366
0.001,165,98,1.1492,1.8567,0.7931
0.001,165,98,1.1465,1.9243,0.8199
0.001,165,98,1.1398,1.8852,0.8027
0.001,165,98,1.1461,1.8609,0.809
0.001,166,98,1.1308,1.8465,0.7644
0.001,166,98,1.1263,1.8761,0.7452
0.001,166,98,1.1314,1.8949,0.7821
0.001,166,98,1.151,1.9527,0.7418
0.001,166,98,1.1051,1.8234,0.7178
0.001,167,98,1.1613,1.9533,0.7854
0.001,167,98,1.1033,1.7747,0.7628
0.001,167,98,1.1082,1.7542,0.7682
0.001,167,98,1.1391,1.8827,0.7682
0.001,167,98,1.1234,1.8169,0.7778
0.001,167,98,1.1361,1.8589,0.761
0.001,167,98,1.1177,1.8473,0.827
0.001,167,98,1.1165,1.8247,0.8077
0.001,168,98,1.163,1.9479,0.7599
0.001,168,98,1.1241,1.8798,0.8214
0.001,168,98,1.1543,1.9054,0.854
0.001,168,98,1.1179,1.8603,0.8037
0.001,168,98,1.1393,1.9056,0.7668
0.001,168,98,1.1361,1.9125,0.8219
0.001,168,98,1.1498,1.9796,0.7257
0.001,168,98,1.138,1.9163,0.7763
0.001,168,98,1.1449,1.8693,0.7804
0.001,168,98,1.1391,1.8662,0.738
0.001,168,98,1.1213,1.8874,0.7692
0.001,168,98,1.1409,1.8642,0.7651
0.001,169,98,1.1596,1.9941,0.7309
0.001,169,98,1.1405,1.8844,0.7537
0.001,169,98,1.1603,1.9564,0.7885
0.001,169,98,1.1245,1.8306,0.8369
0.001,169,98,1.1231,1.8649,0.7313
0.001,169,98,1.1361,1.8583,0.7815
0.001,169,98,1.1491,1.9011,0.7551
0.001,169,98,1.1326,1.857,0.7581
0.001,170,98,1.1205,1.8464,0.7679
0.001,170,98,1.1321,1.8794,0.8272
0.001,170,98,1.1698,1.9766,0.7527
0.001,170,98,1.1353,1.8956,0.7686
0.001,170,98,1.1272,1.894,0.7651
0.001,170,98,1.1386,1.8362,0.7827
0.001,170,98,1.1538,1.9293,0.8355
0.001,170,98,1.1563,1.9037,0.7296
0.001,170,98,1.115,1.8047,0.7639
0.001,170,98,1.1356,1.9288,0.7483
0.001,171,98,1.149,1.8895,0.766
0.001,171,98,1.1133,1.8245,0.7664
0.001,171,98,1.1143,1.8214,0.7985
0.001,171,98,1.1271,1.8744,0.7441
0.001,171,98,1.1387,1.8978,0.7429
0.001,171,98,1.1553,1.9705,0.8267
0.001,171,98,1.1358,1.8763,0.7857
0.001,171,98,1.1606,1.9367,0.8046
0.001,172,98,1.1398,1.8986,0.7594
0.001,172,98,1.122,1.8718,0.7809
0.001,172,98,1.1041,1.8316,0.812
0.001,172,98,1.12,1.8611,0.756
0.001,172,98,1.133,1.825,0.7312
0.001,172,98,1.1445,1.9191,0.7573
0.001,172,98,1.144,1.884,0.766
0.001,173,98,1.1444,1.9174,0.7697
0.001,173,98,1.155,1.8744,0.7748
0.001,173,98,1.1428,1.8987,0.8184
0.001,173,98,1.0971,1.8071,0.7706
0.001,173,98,1.1392,1.8629,0.8133
0.001,173,98,1.1591,1.936,0.7537
0.001,173,98,1.1282,1.9068,0.7146
0.001,173,98,1.1358,1.8496,0.7164
0.001,173,98,1.1274,1.8824,0.7796
0.001,173,98,1.1171,1.8375,0.7526
0.001,174,98,1.0993,1.7447,0.7451
0.001,174,98,1.1414,1.9339,0.7848
0.001,174,98,1.1065,1.8348,0.7857
0.001,174,98,1.1659,1.9999,0.7493
0.001,174,98,1.1203,1.8196,0.7807
0.001,174,98,1.1302,1.853,0.7147
0.001,174,98,1.1316,1.8875,0.7664
0.001,174,98,1.1439,1.8325,0.7512
0.001,175,98,1.1288,1.8705,0.7422
0.001,175,98,1.1602,1.9721,0.7562
0.001,175,98,1.1395,1.8935,0.6767
0.001,175,98,1.1321,1.8789,0.779
0.001,175,98,1.1231,1.8329,0.7456
0.001,175,98,1.1389,1.8765,0.7965
0.001,175,98,1.132,1.8066,0.7904
0.001,175,98,1.1426,1.8797,0.7624
0.001,175,98,1.1208,1.8755,0.7512
0.001,176,98,1.151,1.939,0.7402
0.001,176,98,1.1574,1.9014,0.7831
0.001,176,98,1.1621,1.9532,0.7396
0.001,176,98,1.1073,1.8036,0.7321
0.001,176,98,1.152,1.8681,0.7743
0.001,176,98,1.1173,1.818,0.7579
0.001,176,98,1.1316,1.84,0.7754
0.001,176,98,1.135,1.8572,0.7136
0.001,176,98,1.1359,1.8475,0.7643
0.001,176,98,1.1107,1.8321,0.7909
0.001,176,98,1.1487,1.8975,0.7913
0.001,177,98,1.1301,1.8579,0.7677
0.001,177,98,1.1395,1.8517,0.781
0.001,177,98,1.1367,1.8527,0.6969
0.001,177,98,1.151,1.953,0.7639
0.001,177,98,1.1041,1.786,0.7073
0.001,177,98,1.126,1.839,0.7858
0.001,177,98,1.0931,1.7937,0.7399
0.001,178,98,1.1547,1.8909,0.7546
0.001,178,98,1.1276,1.8056,0.7007
0.001,178,98,1.1605,1.9755,0.76
0.001,178,98,1.1714,1.9468,0.6965
0.001,178,98,1.1171,1.842,0.7838
0.001,178,98,1.1149,1.8333,0.7682
0.001,178,98,1.1334,1.8478,0.7534
0.001,179,98,1.1212,1.8141,0.7527
0.001,179,98,1.1436,1.9267,0.758
0.001,179,98,1.1529,1.8679,0.7397
0.001,179,98,1.1003,1.7621,0.713
0.001,179,98,1.1235,1.8913,0.7465
0.001,179,98,1.1447,1.9239,0.7503
0.001,179,98,1.1488,1.9332,0.7422
0.001,179,98,1.114,1.8018,0.7621
0.001,179,98,1.1142,1.8307,0.7286
0.001,179,98,1.1491,1.9155,0.7268
0.001,179,98,1.1334,1.8934,0.7802
0.001,180,98,1.1485,1.9091,0.7189
0.001,180,98,1.129,1.8711,0.7476
0.001,180,98,1.1421,1.8788,0.7435
0.001,180,98,1.0908,1.7695,0.7634
0.001,180,98,1.104,1.7958,0.7385
0.001,180,98,1.1173,1.8176,0.7338
0.001,180,98,1.1217,1.8124,0.7027
0.001,180,98,1.0878,1.7771,0.7658
0.001,180,98,1.1336,1.8588,0.7529
0.001,180,98,1.1429,1.9147,0.7638
0.001,180,98,1.1068,1.8089,0.7415
0.001,180,98,1.1296,1.8734,0.7735
0.001,181,98,1.1084,1.8285,0.7198
0.001,181,98,1.1417,1.9,0.7389
0.001,181,98,1.1499,1.9493,0.7476
0.001,181,98,1.1719,1.9727,0.7527
0.001,181,98,1.1013,1.7759,0.7314
0.001,181,98,1.1287,1.808,0.779
0.001,181,98,1.1327,1.863,0.7397
0.001,181,98,1.187,1.999,0.7079
0.001,181,98,1.1162,1.816,0.7446
0.001,181,98,1.1539,1.8993,0.7795
0.001,181,98,1.1647,1.9153,0.7779
0.001,182,98,1.1228,1.8261,0.7595
0.001,182,98,1.1126,1.827,0.7416
0.001,182,98,1.1539,1.9507,0.6723
0.001,182,98,1.1523,1.8861,0.7372
0.001,182,98,1.1056,1.8354,0.7304
0.001,182,98,1.1417,1.9258,0.6879
0.001,183,98,1.1571,1.9631,0.7055
0.001,183,98,1.1756,1.936,0.7584
0.001,183,98,1.1397,1.8445,0.7887
0.001,183,98,1.1586,1.9418,0.8027
0.001,183,98,1.1242,1.9107,0.6918
0.001,183,98,1.1081,1.8123,0.7674
0.001,183,98,1.1199,1.7699,0.7523
0.001,183,98,1.1342,1.871,0.7582
0.001,183,98,1.1003,1.7646,0.7481
0.001,183,98,1.1345,1.9332,0.7869
0.001,183,98,1.1351,1.8164,0.7614
0.001,183,98,1.1204,1.8432,0.7263
0.001,184,98,1.1312,1.8401,0.7896
0.001,184,98,1.1309,1.8669,0.7371
0.001,184,98,1.1056,1.7542,0.747
0.001,184,98,1.1208,1.8649,0.7629
0.001,184,98,1.1548,1.9332,0.6936
0.001,184,98,1.1251,1.8015,0.7769
0.001,184,98,1.139,1.8656,0.7466
0.001,184,98,1.1208,1.86,0.7328
0.001,184,98,1.1178,1.853,0.7448
0.001,185,98,1.0996,1.8159,0.762
0.001,185,98,1.1487,1.9153,0.7209
0.001,185,98,1.106,1.7944,0.72
0.001,185,98,1.1367,1.8364,0.7268
0.001,185,98,1.1454,1.9167,0.7229
0.001,186,98,1.1143,1.8105,0.681
0.001,186,98,1.1499,1.9232,0.7567
0.001,186,98,1.1354,1.8724,0.7453
0.001,186,98,1.146,1.8996,0.7274
0.001,186,98,1.1526,1.9319,0.7675
0.001,186,98,1.1107,1.8053,0.7021
0.001,186,98,1.1224,1.8876,0.6924
0.001,186,98,1.1185,1.8424,0.7572
0.001,186,98,1.1108,1.8412,0.7005
0.001,187,98,1.1494,1.861,0.7539
0.001,187,98,1.1456,1.8777,0.7592
0.001,187,98,1.1135,1.8047,0.7287
0.001,187,98,1.123,1.8104,0.7305
0.001,187,98,1.1118,1.7839,0.711
0.001,187,98,1.1457,1.9377,0.7518
0.001,187,98,1.14,1.922,0.6891
0.001,187,98,1.1577,1.8711,0.7733
0.001,187,98,1.1534,1.9128,0.7535
0.001,188,98,1.1176,1.8379,0.7722
0.001,188,98,1.1642,1.9488,0.7436
0.001,188,98,1.1409,1.8939,0.71
0.001,188,98,1.151,1.9559,0.7399
0.001,188,98,1.1588,1.9675,0.7217
0.001,188,98,1.1342,1.8622,0.7559
0.001,188,98,1.1381,1.8744,0.7373
0.001,188,98,1.1289,1.8862,0.7071
0.001,188,98,1.1433,1.9005,0.6942
0.001,189,98,1.1538,1.9229,0.7451
0.001,189,98,1.1437,1.8354,0.7268
0.001,189,98,1.1381,1.9253,0.7421
0.001,189,98,1.1546,1.9727,0.7033
0.001,189,98,1.1329,1.8615,0.7006
0.001,189,98,1.1634,2.0004,0.7235
0.001,189,98,1.1518,1.9234,0.7111
0.001,190,98,1.1418,1.8632,0.733
0.001,190,98,1.1413,1.8919,0.7013
0.001,190,98,1.1253,1.8384,0.7211
0.001,190,98,1.1334,1.8651,0.691
0.001,190,98,1.1338,1.869,0.7027
0.001,190,98,1.1266,1.8616,0.7328
0.001,191,98,1.1269,1.841,0.7171
0.001,191,98,1.1453,1.8531,0.7059
0.001,191,98,1.0929,1.7529,0.7587
0.001,191,98,1.0976,1.7578,0.7405
0.001,191,98,1.15,1.9074,0.7613
0.001,191,98,1.1489,1.8557,0.7196
0.001,191,98,1.1211,1.8166,0.7243
0.001,191,98,1.1468,1.9162,0.7209
0.001,191,98,1.1548,1.9184,0.7955
0.001,191,98,1.1494,1.9412,0.7385
0.001,191,98,1.118,1.7927,0.7962
0.001,191,98,1.1212,1.8488,0.7299
0.001,192,98,1.1476,1.8572,0.6813
0.001,192,98,1.1347,1.8378,0.7429
0.001,192,98,1.1283,1.8257,0.7258
0.001,192,98,1.1255,1.8354,0.7052
0.001,192,98,1.163,1.8896,0.7487
0.001,192,98,1.1128,1.8368,0.7129
0.001,192,98,1.1432,1.9003,0.7302
0.001,193,98,1.1489,1.8851,0.7174
0.001,193,98,1.1259,1.8541,0.7256
0.001,193,98,1.1323,1.8836,0.7458
0.001,193,98,1.1223,1.8179,0.708
0.001,193,98,1.1567,1.9343,0.7107
0.001,193,98,1.1226,1.8753,0.7232
0.001,193,98,1.1111,1.8452,0.7648
0.001,194,98,1.1067,1.785,0.7423
0.001,194,98,1.1352,1.8625,0.7743
0.001,194,98,1.1374,1.8655,0.7274
0.001,194,98,1.1298,1.8374,0.738
0.001,194,98,1.1466,1.8512,0.7406
0.001,194,98,1.1417,1.8678,0.7544
0.001,194,98,1.1547,1.9082,0.7491
0.001,194,98,1.1435,1.8807,0.6776
0.001,194,98,1.1349,1.8364,0.6928
0.001,195,98,1.1696,1.9886,0.7842
0.001,195,98,1.1193,1.8346,0.7573
0.001,195,98,1.1393,1.8208,0.7083
0.001,195,98,1.1354,1.8445,0.7368
0.001,195,98,1.1536,1.8956,0.6945
0.001,195,98,1.1551,1.9317,0.7666
0.001,195,98,1.1307,1.8858,0.7408
0.001,196,98,1.1563,1.9061,0.6848
0.001,196,98,1.1325,1.827,0.7221
0.001,196,98,1.121,1.8199,0.7488
0.001,196,98,1.1443,1.9316,0.7481
0.001,196,98,1.1458,1.9444,0.6839
0.001,196,98,1.1436,1.8817,0.7306
0.001,196,98,1.1268,1.8372,0.7466
0.001,196,98,1.1073,1.7862,0.774
0.001,196,98,1.1147,1.7602,0.7512
0.001,196,98,1.1282,1.7928,0.7235
0.001,197,98,1.1518,1.8958,0.6843
0.001,197,98,1.1351,1.8522,0.6937
0.001,197,98,1.1421,1.886,0.7138
0.001,197,98,1.157,1.9471,0.7256
0.001,197,98,1.1062,1.7918,0.6982
0.001,197,98,1.1306,1.8589,0.7637
0.001,198,98,1.1018,1.754,0.6637
0.001,198,98,1.1306,1.862,0.7266
0.001,198,98,1.1281,1.8524,0.7525
0.001,198,98,1.1477,1.9123,0.7113
0.001,198,98,1.154,1.9388,0.725
0.001,198,98,1.1366,1.8816,0.7021
0.001,198,98,1.1045,1.8408,0.7196
0.001,198,98,1.1095,1.8004,0.6811
0.001,198,98,1.1237,1.8698,0.7447
0.001,198,98,1.1362,1.8852,0.7126
0.001,199,98,1.0999,1.7604,0.6888
0.001,199,98,1.1551,1.8903,0.6977
0.001,199,98,1.1163,1.8416,0.7134
0.001,199,98,1.1351,1.92,0.7522
0.001,199,98,1.1163,1.7622,0.7276
0.001,199,98,1.1341,1.8255,0.7432
0.001,199,98,1.1179,1.8567,0.7104
0.001,199,98,1.1329,1.8432,0.7271
0.001,199,98,1.122,1.7949,0.7185
0.001,199,98,1.1459,1.8782,0.7198
0.001,199,98,1.1487,1.8637,0.7172
0.001,200,98,1.1319,1.8985,0.7625
0.001,200,98,1.1387,1.8654,0.6984
0.001,200,98,1.1221,1.8334,0.753
0.001,200,98,1.1408,1.969,0.6781
0.001,200,98,1.1295,1.8774,0.7396
0.001,200,98,1.1316,1.7862,0.7343
0.001,200,98,1.1237,1.8002,0.7206
0.001,201,98,1.1476,1.8992,0.7456
0.001,201,98,1.1163,1.822,0.7016
0.001,201,98,1.1179,1.7933,0.6938
0.001,201,98,1.1197,1.8243,0.6798
0.001,201,98,1.1422,1.8801,0.6688
0.001,201,98,1.1443,1.9307,0.7186
0.001,201,98,1.1746,1.9809,0.716
0.001,201,98,1.1714,1.9298,0.7417
0.001,201,98,1.1326,1.828,0.6732
0.001,201,98,1.128,1.8148,0.677
0.001,201,98,1.1643,1.9206,0.7091
0.001,202,98,1.1347,1.8836,0.7214
0.001,202,98,1.1523,1.9314,0.6886
0.001,202,98,1.1128,1.805,0.6764
0.001,202,98,1.1697,1.992,0.6826
0.001,202,98,1.1235,1.8525,0.7233
0.001,202,98,1.1156,1.8148,0.7421
0.001,202,98,1.1256,1.797,0.6892
0.001,202,98,1.1442,1.9011,0.7397
0.001,202,98,1.1434,1.9209,0.6756
0.001,202,98,1.1345,1.852,0.6751
0.001,202,98,1.1157,1.8191,0.7258
0.001,203,98,1.1199,1.7974,0.6387
0.001,203,98,1.129,1.8494,0.729
0.001,203,98,1.1419,1.8784,0.6593
0.001,203,98,1.1518,1.9118,0.7523
0.001,203,98,1.1428,1.9073,0.6648
0.001,203,98,1.1506,1.8689,0.7351
0.001,203,98,1.1363,1.883,0.694
0.001,203,98,1.1257,1.8119,0.7332
0.001,203,98,1.1138,1.79,0.6949
0.001,203,98,1.1274,1.8405,0.7134
0.001,204,98,1.1176,1.8547,0.7
0.001,204,98,1.1398,1.9319,0.7568
0.001,204,98,1.1163,1.7778,0.7124
0.001,204,98,1.0874,1.7777,0.6964
0.001,204,98,1.1476,1.9111,0.7159
0.001,204,98,1.1271,1.8596,0.7197
0.001,204,98,1.1133,1.788,0.7069
0.001,204,98,1.1711,1.9559,0.6824
0.001,204,98,1.1502,1.9019,0.6977
0.001,204,98,1.1462,1.8523,0.7056
0.001,205,98,1.1393,1.8567,0.7095
0.001,205,98,1.1541,1.9284,0.7148
0.001,205,98,1.1322,1.8276,0.7241
0.001,205,98,1.1147,1.7913,0.6676
0.001,205,98,1.1508,1.9032,0.7128
0.001,205,98,1.1213,1.7895,0.7056
0.001,205,98,1.1451,1.9364,0.7452
0.001,205,98,1.1553,1.9156,0.726
0.001,206,98,1.1373,1.88,0.6952
0.001,206,98,1.1117,1.7888,0.7125
0.001,206,98,1.1475,1.9111,0.6885
0.001,206,98,1.1357,1.9285,0.6964
0.001,206,98,1.1404,1.9044,0.7448
0.001,206,98,1.1444,1.9037,0.7411
0.001,206,98,1.1387,1.8719,0.7048
0.001,206,98,1.1277,1.837,0.657
0.001,206,98,1.0981,1.8297,0.6923
0.001,206,98,1.1118,1.7666,0.6904
0.001,207,98,1.137,1.8743,0.7121
0.001,207,98,1.1587,1.9535,0.6857
0.001,207,98,1.1408,1.9023,0.6652
0.001,207,98,1.1271,1.8282,0.7206
0.001,207,98,1.147,1.9079,0.7401
0.001,207,98,1.1123,1.8219,0.6843
0.001,207,98,1.152,1.9303,0.6889
0.001,207,98,1.1329,1.8478,0.6759
0.001,208,98,1.1062,1.7904,0.6848
0.001,208,98,1.0905,1.7781,0.7275
0.001,208,98,1.1076,1.8074,0.7626
0.001,208,98,1.1591,1.9384,0.6785
0.001,208,98,1.1238,1.8413,0.6884
0.001,209,98,1.1373,1.8408,0.688
0.001,209,98,1.1415,1.8642,0.7586
0.001,209,98,1.1005,1.8597,0.7398
0.001,209,98,1.0877,1.7671,0.7053
0.001,209,98,1.1299,1.8949,0.6986
0.001,209,98,1.1555,1.8766,0.6955
0.001,209,98,1.1277,1.7835,0.7073
0.001,209,98,1.1425,1.896,0.7281
0.001,209,98,1.1243,1.8552,0.6796
0.001,209,98,1.1468,1.9106,0.6809
0.001,210,98,1.106,1.7787,0.7144
0.001,210,98,1.1305,1.8191,0.6642
0.001,210,98,1.1279,1.8591,0.737
0.001,210,98,1.1155,1.8333,0.6673
0.001,210,98,1.1383,1.896,0.6853
0.001,210,98,1.1256,1.8846,0.6889
0.001,210,98,1.106,1.7623,0.6923
0.001,210,98,1.1353,1.8719,0.6756
0.001,210,98,1.1119,1.7716,0.72
0.001,210,98,1.1249,1.8466,0.6313
0.001,210,98,1.1589,1.9319,0.7119
0.001,210,98,1.1728,1.948,0.7098
0.001,210,98,1.1657,1.9692,0.6869
0.001,210,98,1.1123,1.7936,0.683
0.001,211,98,1.1548,1.9276,0.6785
0.001,211,98,1.1347,1.8659,0.697
0.001,211,98,1.1426,1.8717,0.7321
0.001,211,98,1.1407,1.8461,0.6632
0.001,211,98,1.1221,1.8226,0.6838
0.001,211,98,1.1373,1.8837,0.7353
0.001,211,98,1.1448,1.9099,0.7266
0.001,211,98,1.1266,1.8183,0.6713
0.001,211,98,1.1292,1.8566,0.6552
0.001,211,98,1.114,1.8124,0.7115
0.001,211,98,1.1395,1.9238,0.6808
0.001,211,98,1.1377,1.9239,0.7184
0.001,211,98,1.1454,1.8811,0.7027
0.001,212,98,1.1216,1.8473,0.6818
0.001,212,98,1.1331,1.8802,0.6378
0.001,212,98,1.1377,1.9151,0.6602
0.001,212,98,1.1544,1.8979,0.6673
0.001,212,98,1.1222,1.8105,0.6795
0.001,212,98,1.1541,1.9286,0.7156
0.001,212,98,1.1536,1.9314,0.6523
0.001,212,98,1.1276,1.8215,0.6676
0.001,212,98,1.1056,1.7756,0.6703
0.001,213,98,1.1263,1.864,0.7124
0.001,213,98,1.164,1.9585,0.6669
0.001,213,98,1.1263,1.8687,0.6819
0.001,213,98,1.1388,1.8389,0.7349
0.001,213,98,1.1341,1.8566,0.7091
0.001,213,98,1.1313,1.8489,0.6789
0.001,213,98,1.1765,1.9877,0.7379
0.001,213,98,1.1177,1.7889,0.7037
0.001,213,98,1.1126,1.8271,0.7064
0.001,213,98,1.1251,1.8085,0.6441
0.001,213,98,1.1059,1.7407,0.7152
0.001,213,98,1.1206,1.8384,0.6982
0.001,213,98,1.1552,1.965,0.7442
0.001,213,98,1.1441,1.9356,0.6631
0.001,213,98,1.1177,1.7727,0.6784
0.001,213,98,1.124,1.8681,0.6706
0.001,213,98,1.1748,1.9674,0.7243
0.001,213,98,1.1332,1.8546,0.7163
0.001,213,98,1.1404,1.8956,0.6974
0.001,214,98,1.1382,1.9125,0.6785
0.001,214,98,1.1109,1.7338,0.7045
0.001,214,98,1.1319,1.8448,0.7236
0.001,214,98,1.1227,1.8206,0.658
0.001,214,98,1.1405,1.9257,0.6483
0.001,214,98,1.1338,1.8188,0.6823
0.001,214,98,1.1303,1.8748,0.6867
0.001,214,98,1.1766,1.95,0.757
0.001,214,98,1.1639,1.9788,0.7187
0.001,215,98,1.1258,1.8421,0.6464
0.001,215,98,1.1013,1.7646,0.6713
0.001,215,98,1.1422,1.8993,0.6889
0.001,215,98,1.1275,1.8437,0.6834
0.001,215,98,1.1274,1.8505,0.6562
0.001,215,98,1.0886,1.7726,0.6645
0.001,215,98,1.1138,1.8273,0.6592
0.001,216,98,1.1231,1.8554,0.6658
0.001,216,98,1.1352,1.818,0.7285
0.001,216,98,1.1031,1.7646,0.6666
0.001,216,98,1.1544,1.8772,0.7042
0.001,216,98,1.1002,1.8029,0.69
0.001,216,98,1.1271,1.8368,0.679
0.001,216,98,1.128,1.8747,0.6971
0.001,216,98,1.1405,1.8805,0.6812
0.001,217,98,1.1446,1.9163,0.6962
0.001,217,98,1.1627,1.9718,0.6696
0.001,217,98,1.1484,1.8661,0.6644
0.001,217,98,1.152,1.8831,0.7133
0.001,217,98,1.1498,1.9209,0.6282
0.001,217,98,1.1273,1.8277,0.6584
0.001,217,98,1.1605,1.8693,0.7202
0.001,217,98,1.1418,1.9204,0.7177
0.001,217,98,1.1231,1.8417,0.691
0.001,217,98,1.1236,1.8828,0.6839
0.001,218,98,1.1022,1.7527,0.6821
0.001,218,98,1.1198,1.8817,0.6815
0.001,218,98,1.1496,1.8871,0.6667
0.001,218,98,1.135,1.8549,0.6835
0.001,218,98,1.13,1.8689,0.683
0.001,218,98,1.1651,2.0151,0.6124
0.001,218,98,1.1122,1.7867,0.6422
0.001,218,98,1.1555,1.9483,0.7223
0.001,218,98,1.1182,1.8102,0.6918
0.001,218,98,1.1169,1.8351,0.705
0.001,218,98,1.1365,1.8819,0.6827
0.001,219,98,1.1222,1.7973,0.7226
0.001,219,98,1.1326,1.8749,0.6628
0.001,219,98,1.1128,1.7842,0.6823
0.001,219,98,1.1367,1.9027,0.7196
0.001,219,98,1.1171,1.7978,0.6498
0.001,219,98,1.1358,1.8631,0.7219
0.001,219,98,1.135,1.891,0.648
0.001,219,98,1.138,1.8675,0.6683
0.001,219,98,1.1062,1.825,0.6796
0.001,219,98,1.1389,1.88,0.7041
0.001,219,98,1.1399,1.8642,0.6302
0.001,219,98,1.1181,1.8385,0.6685
0.001,219,98,1.1606,1.8973,0.723
0.001,219,98,1.116,1.7954,0.6856
0.001,220,98,1.1405,1.8736,0.6687
0.001,220,98,1.1166,1.8555,0.7173
0.001,220,98,1.1758,1.9434,0.666
0.001,220,98,1.121,1.8635,0.6709
0.001,220,98,1.121,1.8635,0.6679
0.001,220,98,1.1303,1.8264,0.6328
0.001,220,98,1.1335,1.8628,0.7003
0.001,220,98,1.1476,1.9075,0.6839
0.001,220,98,1.1182,1.8465,0.6651
0.001,220,98,1.1637,1.9622,0.6952
0.001,220,98,1.1268,1.8509,0.6626
0.001,220,98,1.1274,1.7944,0.746
0.001,220,98,1.1557,1.9391,0.6807
0.001,221,98,1.0835,1.7072,0.6774
0.001,221,98,1.1285,1.8875,0.6938
0.001,221,98,1.1591,1.8663,0.6766
0.001,221,98,1.1254,1.7966,0.7001
0.001,221,98,1.1255,1.8915,0.6929
0.001,221,98,1.1217,1.8492,0.674
0.001,221,98,1.1261,1.8357,0.6777
0.001,221,98,1.0991,1.8326,0.6958
0.001,221,98,1.1193,1.8583,0.6479
0.001,222,98,1.1519,1.9199,0.6577
0.001,222,98,1.1177,1.8328,0.6842
0.001,222,98,1.0936,1.8017,0.6594
0.001,222,98,1.12,1.8156,0.7012
0.001,222,98,1.1014,1.7626,0.696
0.001,222,98,1.1511,1.9373,0.7115
0.001,222,98,1.1379,1.893,0.6759
0.001,222,98,1.1603,1.9291,0.6851
0.001,222,98,1.1478,1.9456,0.6641
0.001,222,98,1.1417,1.8517,0.6547
0.001,222,98,1.1181,1.866,0.6223
0.001,222,98,1.1593,1.8883,0.6622
0.001,222,98,1.1304,1.8744,0.6085
0.001,222,98,1.1212,1.8378,0.6828
0.001,223,98,1.1635,1.9444,0.6732
0.001,223,98,1.1051,1.8053,0.6752
0.001,223,98,1.1078,1.792,0.6474
0.001,223,98,1.125,1.8616,0.6049
0.001,223,98,1.1734,1.9976,0.6725
0.001,223,98,1.1455,1.9055,0.7163
0.001,224,98,1.1146,1.8299,0.677
0.001,224,98,1.1345,1.8559,0.7082
0.001,224,98,1.1304,1.8649,0.6593
0.001,224,98,1.1481,1.8992,0.711
0.001,224,98,1.1241,1.799,0.6682
0.001,224,98,1.1513,1.9015,0.6677
0.001,224,98,1.1364,1.8612,0.6397
0.001,224,98,1.135,1.8989,0.6537
0.001,224,98,1.1573,1.9411,0.6849
0.001,224,98,1.1333,1.8448,0.7115
0.001,224,98,1.1494,1.9237,0.6898
0.001,225,98,1.1314,1.8709,0.7129
0.001,225,98,1.1239,1.8506,0.6464
0.001,225,98,1.1392,1.9131,0.6467
0.001,225,98,1.1361,1.8374,0.6801
0.001,225,98,1.1019,1.7771,0.6567
0.001,225,98,1.1276,1.8264,0.6732
0.001,225,98,1.1578,1.9612,0.6778
0.001,225,98,1.1541,1.9295,0.6972
0.001,225,98,1.1031,1.8187,0.6673
0.001,225,98,1.1086,1.7912,0.7134
0.001,226,98,1.1257,1.8036,0.6521
0.001,226,98,1.1452,1.9018,0.6806
0.001,226,98,1.1367,1.8885,0.6849
0.001,226,98,1.13,1.8285,0.693
0.001,226,98,1.1313,1.8474,0.6693
0.001,226,98,1.1288,1.8165,0.7119
0.001,227,98,1.1212,1.8377,0.6779
0.001,227,98,1.1124,1.7699,0.6464
0.001,227,98,1.1289,1.8385,0.6774
0.001,227,98,1.1448,1.8334,0.7
0.001,227,98,1.112,1.7988,0.6691
0.001,227,98,1.1089,1.8379,0.6514
0.001,227,98,1.1491,1.8604,0.6769
0.001,227,98,1.1077,1.7991,0.6283
0.001,227,98,1.158,1.912,0.7029
0.001,227,98,1.1547,1.9297,0.6732
0.001,227,98,1.1265,1.8262,0.66
0.001,227,98,1.1426,1.9234,0.6463
0.001,228,98,1.107,1.8002,0.6673
0.001,228,98,1.1307,1.808,0.697
0.001,228,98,1.1577,1.9049,0.6911
0.001,228,98,1.1613,1.9353,0.6979
0.001,228,98,1.1137,1.7603,0.6944
0.001,228,98,1.1369,1.8602,0.6778
0.001,228,98,1.131,1.8577,0.6427
0.001,228,98,1.1405,1.8702,0.6342
0.001,228,98,1.1809,1.9771,0.6938
0.001,229,98,1.1428,1.8633,0.6817
0.001,229,98,1.1151,1.8032,0.6556
0.001,229,98,1.1739,1.939,0.6473
0.001,229,98,1.1195,1.8373,0.636
0.001,229,98,1.1437,1.9484,0.6601
0.001,229,98,1.1786,1.9757,0.6594
0.001,229,98,1.121,1.798,0.7024
0.001,230,98,1.1155,1.8581,0.6501
0.001,230,98,1.1316,1.8572,0.685
0.001,230,98,1.1113,1.7955,0.6649
0.001,230,98,1.1238,1.9048,0.6942
0.001,230,98,1.1501,1.913,0.6383
0.001,230,98,1.1205,1.7923,0.7037
0.001,230,98,1.1541,1.9051,0.6707
0.001,230,98,1.1483,1.8773,0.6228
0.001,230,98,1.1652,1.9797,0.6346
0.001,230,98,1.1475,1.8894,0.6486
0.001,230,98,1.1222,1.8022,0.6864
0.001,230,98,1.1304,1.8437,0.6938
0.001,231,98,1.1314,1.9002,0.6585
0.001,231,98,1.1354,1.8848,0.6612
0.001,231,98,1.1438,1.9145,0.6323
0.001,231,98,1.1698,1.9852,0.6519
0.001,231,98,1.124,1.8389,0.6372
0.001,231,98,1.1582,1.9406,0.624
0.001,231,98,1.1238,1.8679,0.6383
0.001,231,98,1.1231,1.8719,0.6491
0.001,232,98,1.1312,1.8266,0.6759
0.001,232,98,1.1543,1.9356,0.6431
0.001,232,98,1.1166,1.8346,0.6232
0.001,232,98,1.1184,1.8742,0.6875
0.001,232,98,1.1373,1.8525,0.7
0.001,232,98,1.1442,1.8896,0.6243
0.001,232,98,1.1174,1.8019,0.6273
0.001,232,98,1.1442,1.8903,0.6719
0.001,232,98,1.142,1.8528,0.6376
0.001,232,98,1.0898,1.7443,0.6813
0.001,232,98,1.133,1.8668,0.6855
0.001,232,98,1.1342,1.8333,0.6342
0.001,232,98,1.1274,1.8523,0.6504
0.001,232,98,1.1305,1.832,0.6895
0.001,233,98,1.1291,1.864,0.6452
0.001,233,98,1.1339,1.8661,0.6907
0.001,233,98,1.127,1.8386,0.6611
0.001,233,98,1.123,1.8701,0.6358
0.001,233,98,1.1153,1.779,0.679
0.001,233,98,1.0942,1.7948,0.6492
0.001,233,98,1.1114,1.817,0.6797
0.001,233,98,1.1284,1.8824,0.6378
0.001,233,98,1.1259,1.8015,0.715
0.001,233,98,1.1252,1.8332,0.6759
0.001,233,98,1.1397,1.902,0.649
0.001,234,98,1.1324,1.8759,0.6593
0.001,234,98,1.1568,1.9159,0.6696
0.001,234,98,1.1238,1.8397,0.6876
0.001,234,98,1.1444,1.8448,0.6523
0.001,234,98,1.1341,1.8249,0.6171
0.001,234,98,1.1302,1.8831,0.7306
0.001,234,98,1.157,1.9035,0.6751
0.001,235,98,1.1036,1.7669,0.6242
0.001,235,98,1.129,1.8636,0.629
0.001,235,98,1.1253,1.827,0.6677
0.001,235,98,1.155,1.9058,0.6738
0.001,235,98,1.1177,1.8509,0.6523
0.001,235,98,1.1608,1.9132,0.6663
0.001,235,98,1.129,1.8738,0.6242
0.001,235,98,1.1383,1.8554,0.6847
0.001,235,98,1.1107,1.8116,0.6644
0.001,236,98,1.1365,1.8853,0.6274
0.001,236,98,1.1444,1.898,0.651
0.001,236,98,1.162,1.9219,0.6642
0.001,236,98,1.1346,1.8723,0.7008
0.001,236,98,1.1453,1.9016,0.619
0.001,236,98,1.1432,1.8839,0.6404
0.001,236,98,1.16,1.9228,0.6277
0.001,236,98,1.1482,1.9255,0.63
0.001,236,98,1.1394,1.8852,0.688
0.001,237,98,1.1199,1.8379,0.631
0.001,237,98,1.1264,1.8357,0.6872
0.001,237,98,1.1399,1.8851,0.6911
0.001,237,98,1.1538,1.9186,0.65
0.001,237,98,1.1671,1.9299,0.6587
0.001,237,98,1.1299,1.8467,0.6996
0.001,237,98,1.1513,1.9711,0.6389
0.001,237,98,1.1554,1.9248,0.6057
0.001,237,98,1.1224,1.8249,0.6577
0.001,237,98,1.1143,1.8055,0.6118
0.001,237,98,1.1394,1.9127,0.6541
0.001,237,98,1.1523,1.8926,0.6749
0.001,237,98,1.089,1.7265,0.6695
0.001,238,98,1.1466,1.8897,0.6753
0.001,238,98,1.1233,1.8296,0.674
0.001,238,98,1.1404,1.8616,0.6641
0.001,238,98,1.1477,1.89,0.6583
0.001,238,98,1.1407,1.8293,0.6586
0.001,238,98,1.1224,1.8803,0.6498
0.001,238,98,1.1311,1.8792,0.7201
0.001,238,98,1.1,1.8049,0.6712
0.001,238,98,1.1463,1.8543,0.6493
0.001,238,98,1.1159,1.7945,0.67
0.001,238,98,1.1437,1.9052,0.6773
0.001,238,98,1.1172,1.798,0.6739
0.001,238,98,1.1533,1.8546,0.6736
0.001,238,98,1.1154,1.7856,0.6316
0.001,238,98,1.1419,1.8646,0.6529
0.001,238,98,1.1213,1.7922,0.6537
0.001,239,98,1.1353,1.8402,0.6969
0.001,239,98,1.1482,1.836,0.6441
0.001,239,98,1.149,1.9017,0.6399
0.001,239,98,1.1422,1.8479,0.6392
0.001,239,98,1.1262,1.8098,0.6537
0.001,240,98,1.1286,1.8637,0.6441
0.001,240,98,1.1618,1.9096,0.6708
0.001,240,98,1.1435,1.9259,0.6118
0.001,240,98,1.12,1.8499,0.6719
0.001,240,98,1.1347,1.8319,0.6235
0.001,240,98,1.1486,1.8963,0.6237
0.001,240,98,1.1121,1.8068,0.6763
0.001,240,98,1.1255,1.859,0.6454
0.001,240,98,1.1431,1.9135,0.6296
0.001,241,98,1.1396,1.8642,0.6679
0.001,241,98,1.1055,1.771,0.6697
0.001,241,98,1.1464,1.8761,0.6329
0.001,241,98,1.143,1.8739,0.6472
0.001,241,98,1.1088,1.7881,0.6904
0.001,241,98,1.1127,1.807,0.6643
0.001,241,98,1.1419,1.8577,0.6658
0.001,241,98,1.107,1.8046,0.5874
0.001,241,98,1.1532,1.9183,0.6414
0.001,241,98,1.1242,1.8473,0.5907
0.001,242,98,1.1437,1.8746,0.6463
0.001,242,98,1.1524,1.9464,0.6713
0.001,242,98,1.1218,1.8196,0.5902
0.001,242,98,1.1364,1.8332,0.676
0.001,242,98,1.1129,1.7966,0.6423
0.001,242,98,1.1509,1.9292,0.626
0.001,242,98,1.1282,1.843,0.6745
0.001,242,98,1.1073,1.7819,0.7075
0.001,242,98,1.1223,1.8304,0.6543
0.001,242,98,1.0944,1.7155,0.6696
0.001,242,98,1.1406,1.8904,0.6257
0.001,243,98,1.1209,1.8248,0.6636
0.001,243,98,1.1348,1.8715,0.6234
0.001,243,98,1.141,1.8874,0.6258
0.001,243,98,1.0958,1.7735,0.6383
0.001,243,98,1.1184,1.8552,0.6344
0.001,243,98,1.1395,1.858,0.6294
0.001,243,98,1.1168,1.8066,0.6488
0.001,243,98,1.145,1.9139,0.6206
0.001,243,98,1.1263,1.8428,0.6252
0.001,244,98,1.1573,1.9013,0.6456
0.001,244,98,1.1253,1.8501,0.6124
0.001,244,98,1.1242,1.8635,0.6452
0.001,244,98,1.1197,1.8087,0.6957
0.001,244,98,1.1601,1.8897,0.6666
0.001,244,98,1.1118,1.7922,0.6434
0.001,244,98,1.1337,1.8573,0.6573
0.001,245,98,1.1384,1.8553,0.6573
0.001,245,98,1.1003,1.8187,0.591
0.001,245,98,1.154,1.8911,0.6093
0.001,245,98,1.142,1.893,0.6171
0.001,245,98,1.1169,1.8077,0.684
0.001,245,98,1.1447,1.8867,0.645
0.001,246,98,1.1424,1.8619,0.6764
0.001,246,98,1.1061,1.777,0.6327
0.001,246,98,1.1197,1.8306,0.6901
0.001,246,98,1.1403,1.8612,0.652
0.001,246,98,1.113,1.8116,0.6516
0.001,246,98,1.1188,1.8416,0.645
0.001,246,98,1.138,1.8451,0.679
0.001,246,98,1.1277,1.8858,0.6316
0.001,246,98,1.1538,1.9557,0.5897
0.001,246,98,1.1209,1.8468,0.6821
0.001,247,98,1.1411,1.8598,0.5701
0.001,247,98,1.1101,1.8046,0.6738
0.001,247,98,1.1268,1.8455,0.6513
0.001,247,98,1.1304,1.8218,0.6203
0.001,247,98,1.113,1.7682,0.6495
0.001,247,98,1.1405,1.8645,0.6358
0.001,247,98,1.1511,1.873,0.6336
0.001,247,98,1.1221,1.839,0.6583
0.001,248,98,1.1056,1.7523,0.6347
0.001,248,98,1.1038,1.8017,0.6126
0.001,248,98,1.1266,1.8734,0.6401
0.001,248,98,1.1544,1.9308,0.6381
0.001,248,98,1.1299,1.8647,0.6397
0.001,248,98,1.1209,1.8323,0.6512
0.001,248,98,1.142,1.8911,0.5992
0.001,248,98,1.12,1.8678,0.6002
0.001,248,98,1.1334,1.8617,0.6616
0.001,248,98,1.1262,1.8543,0.616
0.001,248,98,1.1433,1.8921,0.6526
0.001,249,98,1.1301,1.8784,0.6429
0.001,249,98,1.1289,1.8984,0.6296
0.001,249,98,1.133,1.8349,0.6523
0.001,249,98,1.1226,1.845,0.6918
0.001,249,98,1.1172,1.8149,0.6655
0.001,249,98,1.1367,1.9076,0.6414
0.001,249,98,1.138,1.8923,0.6291
0.001,249,98,1.1301,1.9,0.6455
0.001,249,98,1.1374,1.8873,0.6442
0.001,249,98,1.1482,1.8845,0.6451
0.001,249,98,1.1283,1.8654,0.6823
0.001,249,98,1.1348,1.9006,0.6507
0.001,249,98,1.1302,1.893,0.635
0.001,250,98,1.128,1.8239,0.6232
0.001,250,98,1.1138,1.7848,0.6142
0.001,250,98,1.1457,1.8824,0.6396
0.001,250,98,1.1543,1.9116,0.6253
0.001,250,98,1.1254,1.8393,0.6251
0.001,250,98,1.1172,1.7928,0.6038
0.001,251,98,1.15,1.9274,0.6071
0.001,251,98,1.1405,1.8504,0.5998
0.001,251,98,1.139,1.9138,0.6142
0.001,251,98,1.1585,1.8694,0.6022
0.001,251,98,1.1176,1.8229,0.6466
0.001,251,98,1.138,1.8638,0.6192
0.001,251,98,1.1471,1.9313,0.651
0.001,252,98,1.1274,1.8528,0.633
0.001,252,98,1.1192,1.8489,0.6412
0.001,252,98,1.1323,1.8685,0.583
0.001,252,98,1.1442,1.8848,0.6002
0.001,252,98,1.175,1.9757,0.6504
0.001,252,98,1.1377,1.8496,0.6049
0.001,252,98,1.1463,1.8302,0.6277
0.001,252,98,1.1505,1.9427,0.6451
0.001,252,98,1.1749,1.9723,0.6233
0.001,252,98,1.1428,1.8676,0.6879
0.001,253,98,1.1336,1.8746,0.6431
0.001,253,98,1.1422,1.8567,0.6205
0.001,253,98,1.1039,1.7759,0.6344
0.001,253,98,1.1367,1.883,0.6858
0.001,253,98,1.11,1.8204,0.6589
0.001,253,98,1.1212,1.8583,0.6372
0.001,253,98,1.166,1.9136,0.6591
0.001,253,98,1.0931,1.7262,0.638
0.001,254,98,1.1352,1.8114,0.5762
0.001,254,98,1.1262,1.851,0.637
0.001,255,98,1.1078,1.7666,0.6405
0.001,255,98,1.1283,1.7991,0.6561
0.001,255,98,1.1214,1.832,0.623
0.001,255,98,1.1483,1.8801,0.6736
0.001,255,98,1.1473,1.8614,0.6468
0.001,255,98,1.1295,1.8686,0.6399
0.001,255,98,1.1211,1.8328,0.6306
0.001,255,98,1.1252,1.8573,0.6868
0.001,255,98,1.1192,1.8514,0.6225
0.001,255,98,1.0955,1.7399,0.6698
0.001,256,98,1.1446,1.8563,0.6737
0.001,256,98,1.1388,1.8887,0.6607
0.001,256,98,1.1346,1.8432,0.652
0.001,256,98,1.1274,1.8307,0.63
0.001,256,98,1.1309,1.8237,0.6385
0.001,256,98,1.1403,1.8898,0.6091
0.001,256,98,1.1528,1.8984,0.6048
0.001,256,98,1.1209,1.83,0.636
0.001,256,98,1.1314,1.9219,0.6142
0.001,256,98,1.1291,1.9298,0.6406
0.001,256,98,1.1421,1.9141,0.6029
0.001,257,98,1.101,1.8208,0.6385
0.001,257,98,1.1756,2.0457,0.6393
0.001,257,98,1.129,1.8268,0.6323
0.001,257,98,1.145,1.8842,0.6099
0.001,257,98,1.1617,1.9489,0.6745
0.001,257,98,1.124,1.8184,0.6162
0.001,257,98,1.1124,1.8337,0.6195
0.001,257,98,1.1394,1.8663,0.6229
0.001,257,98,1.1442,1.9102,0.6326
0.001,257,98,1.1582,1.9527,0.6031
0.001,258,98,1.125,1.8311,0.6231
0.001,258,98,1.1308,1.8523,0.6186
0.001,258,98,1.1482,1.9353,0.6736
0.001,258,98,1.1183,1.8499,0.6386
0.001,258,98,1.1572,1.8552,0.6491
0.001,258,98,1.1312,1.8999,0.5932
0.001,259,98,1.1318,1.8756,0.6294
0.001,259,98,1.1356,1.8281,0.6348
0.001,259,98,1.1316,1.9298,0.6407
0.001,259,98,1.1266,1.8846,0.6184
0.001,259,98,1.1338,1.8988,0.6046
0.001,259,98,1.118,1.8136,0.623
0.001,259,98,1.1141,1.8202,0.6576
0.001,259,98,1.1169,1.793,0.6315
0.001,259,98,1.1229,1.8572,0.6531
0.001,259,98,1.136,1.8607,0.6067
0.001,260,98,1.1224,1.8655,0.6319
0.001,260,98,1.1366,1.8712,0.6699
0.001,260,98,1.1333,1.8441,0.6267
0.001,260,98,1.1393,1.8662,0.6003
0.001,260,98,1.1178,1.824,0.6629
0.001,260,98,1.1609,1.924,0.6097
0.001,260,98,1.1232,1.8473,0.6159
0.001,260,98,1.1333,1.8621,0.638
0.001,261,98,1.1174,1.7887,0.5869
0.001,261,98,1.1347,1.8741,0.6585
0.001,261,98,1.1386,1.8912,0.597
0.001,261,98,1.1413,1.8817,0.5842
0.001,261,98,1.1124,1.7854,0.6606
0.001,261,98,1.1201,1.8333,0.6404
0.001,261,98,1.1344,1.8551,0.6231
0.001,261,98,1.1439,1.8829,0.5827
0.001,262,98,1.1133,1.847,0.5984
0.001,262,98,1.1149,1.7765,0.6075
0.001,262,98,1.1571,1.9228,0.5935
0.001,262,98,1.1614,1.9128,0.6362
0.001,262,98,1.1332,1.8004,0.6309
0.001,262,98,1.1128,1.8366,0.6146
0.001,262,98,1.1557,1.8884,0.612
0.001,262,98,1.1401,1.9143,0.6381
0.001,263,98,1.114,1.8413,0.5668
0.001,263,98,1.135,1.894,0.6161
0.001,263,98,1.1056,1.8179,0.6002
0.001,263,98,1.1378,1.8625,0.6271
0.001,263,98,1.1446,1.9263,0.6281
0.001,263,98,1.1187,1.7947,0.599
0.001,263,98,1.1219,1.8168,0.5998
0.001,263,98,1.0945,1.7472,0.6015
0.001,263,98,1.1545,1.9035,0.6128
0.001,263,98,1.1329,1.8339,0.6149
0.001,263,98,1.1311,1.8814,0.6237
0.001,263,98,1.1279,1.8513,0.639
0.001,264,98,1.1364,1.8418,0.6461
0.001,264,98,1.1292,1.8678,0.6275
0.001,264,98,1.1556,1.9744,0.6409
0.001,264,98,1.0966,1.7324,0.6055
0.001,264,98,1.132,1.8545,0.6261
0.001,264,98,1.1154,1.7837,0.6239
0.001,264,98,1.1503,1.875,0.6434
0.001,264,98,1.1413,1.8813,0.6359
0.001,265,98,1.1518,1.9268,0.6025
0.001,265,98,1.1207,1.8338,0.5607
0.001,265,98,1.1437,1.8785,0.6581
0.001,265,98,1.146,1.9132,0.5817
0.001,265,98,1.1456,1.8945,0.6254
0.001,265,98,1.1046,1.7974,0.6164
0.001,265,98,1.1401,1.8871,0.6188
0.001,265,98,1.1507,1.9113,0.6421
0.001,265,98,1.1406,1.8851,0.5772
0.001,265,98,1.121,1.8293,0.5894
0.001,265,98,1.1479,1.895,0.6078
0.001,266,98,1.1417,1.8767,0.6606
0.001,266,98,1.1069,1.7625,0.5797
0.001,266,98,1.127,1.8665,0.6263
0.001,266,98,1.1197,1.7992,0.647
0.001,266,98,1.1329,1.8355,0.6133
0.001,266,98,1.1535,1.9157,0.6228
0.001,266,98,1.131,1.8506,0.6447
0.001,266,98,1.1256,1.8656,0.5633
0.001,266,98,1.1227,1.8221,0.5941
0.001,266,98,1.1667,1.9476,0.6194
0.001,266,98,1.1292,1.8543,0.6245
0.001,266,98,1.1135,1.823,0.6386
0.001,266,98,1.1402,1.854,0.6028
0.001,267,98,1.1414,1.8976,0.6302
0.001,267,98,1.1138,1.8313,0.6201
0.001,267,98,1.1292,1.8349,0.6324
0.001,267,98,1.127,1.866,0.6377
0.001,267,98,1.1233,1.8527,0.6078
0.001,267,98,1.133,1.8856,0.5838
0.001,267,98,1.1221,1.8421,0.5839
0.001,267,98,1.1317,1.8599,0.6026
0.001,267,98,1.131,1.8596,0.6108
0.001,267,98,1.1478,1.9023,0.5921
0.001,267,98,1.1473,1.8931,0.6224
0.001,267,98,1.1589,1.9315,0.5954
0.001,267,98,1.1228,1.8558,0.5994
0.001,267,98,1.1323,1.8504,0.6449
0.001,268,98,1.1197,1.8914,0.6278
0.001,268,98,1.1294,1.8788,0.6266
0.001,268,98,1.1361,1.8591,0.621
0.001,268,98,1.1623,1.8902,0.6168
0.001,268,98,1.1553,1.8873,0.6092
0.001,268,98,1.1329,1.8941,0.6035
0.001,268,98,1.1344,1.8776,0.6354
0.001,268,98,1.1322,1.8551,0.6595
0.001,268,98,1.1445,1.8511,0.6138
0.001,268,98,1.122,1.7976,0.5851
0.001,268,98,1.1418,1.8564,0.5989
0.001,268,98,1.1302,1.8359,0.6133
0.001,268,98,1.154,1.9409,0.6541
0.001,269,98,1.138,1.8988,0.5713
0.001,269,98,1.1244,1.8297,0.6342
0.001,269,98,1.1391,1.8204,0.5644
0.001,269,98,1.1501,1.9555,0.6151
0.001,269,98,1.0968,1.7542,0.6038
0.001,269,98,1.1403,1.8946,0.5991
0.001,269,98,1.1327,1.7969,0.6414
0.001,269,98,1.1282,1.8341,0.6573
0.001,269,98,1.1407,1.8698,0.5687
0.001,269,98,1.1191,1.8278,0.6324
0.001,269,98,1.1267,1.8516,0.5791
0.001,269,98,1.1284,1.8388,0.5895
0.001,269,98,1.1428,1.8639,0.6109
0.001,270,98,1.1639,1.9332,0.5913
0.001,270,98,1.157,1.9329,0.5823
0.001,270,98,1.1384,1.8759,0.6127
0.001,270,98,1.1046,1.7615,0.6298
0.001,270,98,1.1518,1.9259,0.6115
0.001,270,98,1.1389,1.9243,0.6013
0.001,270,98,1.1212,1.8036,0.6154
0.001,270,98,1.149,1.9162,0.6191
0.001,270,98,1.1359,1.8654,0.6392
0.001,271,98,1.1245,1.8724,0.6278
0.001,271,98,1.1366,1.85,0.5736
0.001,271,98,1.1521,1.9146,0.6261
0.001,271,98,1.1341,1.8786,0.626
0.001,271,98,1.1265,1.856,0.5924
0.001,271,98,1.1274,1.8376,0.5938
0.001,271,98,1.1433,1.9092,0.6212
0.001,271,98,1.1265,1.8411,0.6421
0.001,271,98,1.124,1.8202,0.663
0.001,271,98,1.1216,1.8431,0.6357
0.001,272,98,1.1483,1.8843,0.6345
0.001,272,98,1.0959,1.7751,0.6144
0.001,272,98,1.112,1.8021,0.6153
0.001,272,98,1.1394,1.892,0.5916
0.001,272,98,1.1491,1.9083,0.6037
0.001,272,98,1.1158,1.8112,0.6265
0.001,272,98,1.128,1.8718,0.6086
0.001,272,98,1.1117,1.8342,0.5815
0.001,272,98,1.1243,1.809,0.5828
0.001,272,98,1.1423,1.921,0.624
0.001,272,98,1.1781,1.997,0.6104
0.001,272,98,1.1175,1.8248,0.6194
0.001,272,98,1.1544,1.915,0.6366
0.001,273,98,1.117,1.8404,0.6348
0.001,273,98,1.1491,1.9132,0.6438
0.001,273,98,1.1104,1.7654,0.6313
0.001,273,98,1.13,1.8479,0.6288
0.001,273,98,1.1537,1.9166,0.5857
0.001,273,98,1.1109,1.8038,0.6341
0.001,273,98,1.1089,1.8395,0.602
0.001,273,98,1.1051,1.7929,0.5864
0.001,273,98,1.1302,1.8584,0.5866
0.001,273,98,1.1395,1.8905,0.6031
0.001,273,98,1.1391,1.8777,0.5802
0.001,274,98,1.119,1.8335,0.6667
0.001,274,98,1.1206,1.8022,0.6483
0.001,274,98,1.1134,1.8048,0.6469
0.001,274,98,1.1306,1.831,0.6068
0.001,274,98,1.1068,1.8171,0.6037
0.001,274,98,1.1241,1.8446,0.6027
0.001,274,98,1.1498,1.8964,0.5963
0.001,274,98,1.1131,1.7967,0.6256
0.001,274,98,1.1491,1.8626,0.5944
0.001,274,98,1.1416,1.9063,0.5749
0.001,275,98,1.1383,1.8901,0.5993
0.001,275,98,1.1341,1.8868,0.5917
0.001,275,98,1.1253,1.7958,0.6311
0.001,275,98,1.1522,1.9602,0.6099
0.001,275,98,1.1567,1.9172,0.6126
0.001,275,98,1.1417,1.883,0.5953
0.001,275,98,1.1166,1.8527,0.6068
0.001,275,98,1.1426,1.8802,0.5876
0.001,275,98,1.166,1.8915,0.5842
0.001,276,98,1.1345,1.8502,0.6049
0.001,276,98,1.1151,1.7744,0.5974
0.001,276,98,1.146,1.8747,0.6254
0.001,276,98,1.1259,1.8436,0.6157
0.001,276,98,1.1234,1.8535,0.5995
0.001,276,98,1.1073,1.8113,0.5776
0.001,276,98,1.1424,1.9289,0.6158
0.001,276,98,1.1349,1.8603,0.5696
0.001,277,98,1.1139,1.7888,0.6286
0.001,277,98,1.1458,1.8788,0.5754
0.001,277,98,1.1132,1.7848,0.5902
0.001,277,98,1.1192,1.7948,0.6209
0.001,277,98,1.1043,1.8107,0.6059
0.001,277,98,1.1439,1.8928,0.5827
0.001,277,98,1.11,1.8351,0.6152
0.001,277,98,1.1037,1.7827,0.5861
0.001,277,98,1.1246,1.8092,0.6041
0.001,277,98,1.1336,1.869,0.6202
0.001,277,98,1.1146,1.8005,0.6033
0.001,277,98,1.131,1.8456,0.6169
0.001,277,98,1.1229,1.8548,0.6089
0.001,277,98,1.1245,1.8319,0.6047
0.001,277,98,1.1362,1.8348,0.6229
0.001,277,98,1.1361,1.876,0.5819
0.001,278,98,1.1114,1.822,0.6304
0.001,278,98,1.1302,1.8248,0.5973
0.001,278,98,1.1312,1.8417,0.5807
0.001,278,98,1.117,1.7734,0.5687
0.001,278,98,1.1036,1.7722,0.6347
0.001,278,98,1.1374,1.8641,0.5836
0.001,278,98,1.12,1.8267,0.6066
0.001,278,98,1.1463,1.921,0.6024
0.001,278,98,1.1406,1.8485,0.5992
0.001,279,98,1.119,1.8548,0.5894
0.001,279,98,1.1373,1.9068,0.6086
0.001,279,98,1.1253,1.8413,0.6252
0.001,279,98,1.1382,1.885,0.6197
0.001,279,98,1.1358,1.8563,0.5906
0.001,280,98,1.1301,1.8678,0.5973
0.001,280,98,1.1105,1.7693,0.6001
0.001,280,98,1.1285,1.8222,0.6256
0.001,280,98,1.1267,1.8532,0.568
0.001,280,98,1.1515,1.8995,0.5971
0.001,280,98,1.1371,1.8075,0.5975
0.001,280,98,1.1335,1.8419,0.6114
0.001,280,98,1.122,1.8379,0.6039
0.001,280,98,1.1665,1.968,0.6165
0.001,280,98,1.1256,1.8532,0.6024
0.001,281,98,1.1581,1.9545,0.6008
0.001,281,98,1.116,1.8477,0.613
0.001,281,98,1.1431,1.9231,0.5667
0.001,281,98,1.1215,1.8276,0.6216
0.001,281,98,1.1554,1.9362,0.5782
0.001,281,98,1.1189,1.8265,0.6152
0.001,281,98,1.115,1.8079,0.6095
0.001,281,98,1.1633,1.9507,0.5865
0.001,282,98,1.1561,1.9065,0.5859
0.001,282,98,1.1391,1.8362,0.5837
0.001,282,98,1.1207,1.8354,0.6072
0.001,282,98,1.127,1.8304,0.6377
0.001,282,98,1.1183,1.7942,0.606
0.001,282,98,1.1251,1.8373,0.5899
0.001,282,98,1.139,1.8639,0.62
0.001,282,98,1.1318,1.8661,0.5865
0.001,282,98,1.1531,1.8677,0.6354
0.001,282,98,1.1332,1.8267,0.6256
0.001,282,98,1.1608,1.9059,0.6353
0.001,282,98,1.1222,1.8626,0.6066
0.001,282,98,1.1348,1.8918,0.6016
0.001,283,98,1.1242,1.8546,0.5972
0.001,283,98,1.122,1.8296,0.6469
0.001,283,98,1.1328,1.8974,0.6141
0.001,284,98,1.1125,1.8169,0.5936
0.001,284,98,1.1538,1.9103,0.5994
0.001,284,98,1.1394,1.8734,0.575
0.001,284,98,1.1155,1.8144,0.5994
0.001,284,98,1.1107,1.805,0.5847
0.001,284,98,1.1436,1.8858,0.5976
0.001,284,98,1.1416,1.9231,0.6029
0.001,284,98,1.1325,1.8954,0.5735
0.001,284,98,1.1169,1.8106,0.5953
0.001,285,98,1.1417,1.9092,0.6271
0.001,285,98,1.139,1.8236,0.5773
0.001,285,98,1.1256,1.8682,0.5886
0.001,285,98,1.1433,1.8594,0.5841
0.001,285,98,1.1632,1.9268,0.6135
0.001,285,98,1.1146,1.8066,0.5787
0.001,285,98,1.112,1.8114,0.6074
0.001,286,98,1.145,1.8823,0.5618
0.001,286,98,1.1267,1.8304,0.6426
0.001,286,98,1.1664,1.9718,0.587
0.001,286,98,1.1441,1.8967,0.577
0.001,286,98,1.1281,1.8531,0.5908
0.001,287,98,1.1113,1.8192,0.6111
0.001,287,98,1.1326,1.8843,0.5993
0.001,287,98,1.1445,1.8936,0.5946
0.001,287,98,1.153,1.9255,0.5964
0.001,287,98,1.1385,1.9096,0.6108
0.001,287,98,1.1211,1.8594,0.6324
0.001,287,98,1.1179,1.7962,0.6087
0.001,287,98,1.0931,1.7735,0.6006
0.001,287,98,1.1233,1.8549,0.5821
0.001,287,98,1.1229,1.8067,0.5967
0.001,287,98,1.1185,1.8013,0.5917
0.001,287,98,1.1486,1.8981,0.6202
0.001,288,98,1.1389,1.9096,0.5753
0.001,288,98,1.1351,1.8519,0.6194
0.001,288,98,1.138,1.8937,0.5694
0.001,288,98,1.092,1.7205,0.6063
0.001,288,98,1.1264,1.8282,0.5798
0.001,288,98,1.122,1.8,0.5731
0.001,288,98,1.1363,1.8771,0.5818
0.001,288,98,1.1346,1.8815,0.585
0.001,288,98,1.1256,1.8533,0.6244
0.001,289,98,1.1271,1.8039,0.542
0.001,289,98,1.1206,1.8361,0.5805
0.001,289,98,1.1484,1.8845,0.5706
0.001,289,98,1.1505,1.8801,0.6076
0.001,289,98,1.123,1.841,0.6065
0.001,289,98,1.1271,1.8598,0.5812
0.001,289,98,1.159,1.9574,0.6093
0.001,289,98,1.1467,1.896,0.6031
0.001,289,98,1.1592,1.9864,0.6191
0.001,289,98,1.1517,1.9003,0.5804
0.001,289,98,1.1729,1.978,0.5532
0.001,289,98,1.1535,1.9293,0.5885
0.001,289,98,1.1157,1.8531,0.5796
0.001,289,98,1.1652,1.9599,0.5955
0.001,289,98,1.1338,1.8617,0.6038
0.001,290,98,1.1449,1.885,0.5592
0.001,290,98,1.1254,1.8619,0.5754
0.001,290,98,1.1359,1.8534,0.5815
0.001,290,98,1.1811,1.9671,0.6001
0.001,290,98,1.1545,1.8895,0.5936
0.001,290,98,1.1384,1.9069,0.5909
0.001,290,98,1.1329,1.8425,0.5985
0.001,290,98,1.129,1.8755,0.6013
0.001,290,98,1.1233,1.8331,0.5844
0.001,290,98,1.157,1.8859,0.6107
0.001,290,98,1.1319,1.8834,0.5369
0.001,291,98,1.156,1.9027,0.5628
0.001,291,98,1.1457,1.9106,0.598
0.001,291,98,1.1379,1.8781,0.5901
0.001,291,98,1.1463,1.9407,0.5651
0.001,291,98,1.1319,1.8204,0.5457
0.001,291,98,1.1346,1.8733,0.5578
0.001,291,98,1.1137,1.8027,0.5823
0.001,291,98,1.1454,1.9134,0.5837
0.001,292,98,1.1291,1.8499,0.5737
0.001,292,98,1.1551,1.9021,0.5827
0.001,292,98,1.1146,1.836,0.5971
0.001,292,98,1.1699,1.9593,0.5716
0.001,292,98,1.1367,1.8059,0.5759
0.001,292,98,1.1557,1.8901,0.5995
0.001,292,98,1.1211,1.8527,0.5964
0.001,292,98,1.1076,1.7983,0.5731
0.001,292,98,1.146,1.9154,0.6124
0.001,292,98,1.1398,1.9037,0.6004
0.001,292,98,1.1225,1.8019,0.582
0.001,292,98,1.1307,1.8799,0.5945
0.001,292,98,1.1706,1.9631,0.5707
0.001,293,98,1.1379,1.8763,0.5989
0.001,293,98,1.1293,1.8427,0.6507
0.001,293,98,1.1418,1.8993,0.5991
0.001,293,98,1.1367,1.8648,0.6098
0.001,293,98,1.1172,1.8049,0.5961
0.001,293,98,1.1333,1.8571,0.5857
0.001,293,98,1.152,1.8933,0.5623
0.001,293,98,1.1689,1.9475,0.5848
0.001,293,98,1.1352,1.8782,0.6072
0.001,293,98,1.1386,1.8946,0.617
0.001,294,98,1.1151,1.7744,0.6006
0.001,294,98,1.1472,1.8706,0.5958
0.001,294,98,1.1179,1.8105,0.5727
0.001,294,98,1.1256,1.795,0.6396
0.001,294,98,1.1332,1.877,0.59
0.001,294,98,1.1336,1.8682,0.6085
0.001,294,98,1.1455,1.8581,0.5788
0.001,294,98,1.1098,1.8322,0.6032
0.001,294,98,1.1338,1.8863,0.5918
0.001,294,98,1.1196,1.7984,0.5581
0.001,294,98,1.1506,1.9463,0.5773
0.001,294,98,1.0853,1.7592,0.5891
0.001,294,98,1.126,1.8242,0.6025
0.001,295,98,1.1118,1.7937,0.5833
0.001,295,98,1.1566,1.924,0.5887
0.001,295,98,1.1342,1.8639,0.6091
0.001,295,98,1.1438,1.9252,0.5859
0.001,295,98,1.0918,1.7337,0.5355
0.001,295,98,1.1645,1.9752,0.5565
0.001,295,98,1.1514,1.8632,0.5977
0.001,295,98,1.1231,1.8047,0.6053
0.001,295,98,1.1224,1.8859,0.5863
0.001,295,98,1.1395,1.8446,0.6038
0.001,295,98,1.135,1.8261,0.6073
0.001,295,98,1.0951,1.7834,0.5858
0.001,295,98,1.0965,1.7592,0.5381
0.001,295,98,1.1102,1.8124,0.5586
0.001,296,98,1.1345,1.8784,0.5751
0.001,296,98,1.157,1.9369,0.5581
0.001,296,98,1.1326,1.8651,0.6034
0.001,296,98,1.115,1.7691,0.5602
0.001,296,98,1.1351,1.8731,0.5568
0.001,296,98,1.1344,1.849,0.5769
0.001,296,98,1.1295,1.821,0.5832
0.001,297,98,1.1278,1.853,0.5499
0.001,297,98,1.1528,1.863,0.5788
0.001,298,98,1.1255,1.8151,0.6021
0.001,298,98,1.1529,1.886,0.5863
0.001,298,98,1.1195,1.8393,0.5748
0.001,298,98,1.1331,1.8555,0.5551
0.001,298,98,1.1376,1.8833,0.6041
0.001,298,98,1.1314,1.8625,0.5709
0.001,298,98,1.1132,1.8105,0.598
0.001,299,98,1.1284,1.8332,0.561
0.001,299,98,1.1216,1.8338,0.5799
0.001,299,98,1.1188,1.852,0.5856
0.001,299,98,1.1266,1.8471,0.5625
0.001,299,98,1.1426,1.8695,0.599
0.001,299,98,1.1285,1.8436,0.6012
0.001,299,98,1.1134,1.8608,0.6033
0.001,299,98,1.1223,1.807,0.5853
0.001,300,98,1.1327,1.8334,0.543
0.001,300,98,1.1148,1.8132,0.5776
0.001,300,98,1.14,1.8617,0.6048
0.001,300,98,1.0886,1.8037,0.5511
0.001,300,98,1.1187,1.7847,0.5618
0.001,300,98,1.1286,1.8568,0.5674
0.001,300,98,1.1149,1.7724,0.589
0.001,300,98,1.1207,1.8273,0.584
0.001,300,98,1.1531,1.9212,0.5517
0.001,300,98,1.1195,1.8154,0.582
